content_id,observation_time,user,user_location,social_media,publish_date,geo_location,comment_raw_text,emoji,reference_post_url,like_count,reply_count,repost_count,quote_count,bookmark_count,content_type
yt_comm_UgxfpARmX3veEVf57K14AaABAg,2025-05-25T14:29:52.115891+00:00,@layonvictor7863,,YouTube,2025-05-25T14:15:57+00:00,,"Essa McLaren √© absurda de r√°pida, trabalho excelente dos construtores üëèüèºüëèüèº",üëèüèº,https://www.youtube.com/watch?v=_5Lr6fDIZG8,0,0,0,0,0,commento
yt_comm_Ugzs5fpQH8f8kKXaJDl4AaABAg,2025-05-25T14:29:52.115891+00:00,@perryewilsonjr,,YouTube,2025-05-25T13:25:42+00:00,,He was moving!!! This video is so amazing,nan,https://www.youtube.com/watch?v=_5Lr6fDIZG8,0,0,0,0,0,commento
yt_comm_UgxlyFWFgp6ChzEF0IJ4AaABAg,2025-05-25T14:29:52.115891+00:00,@VictorCMDo,,YouTube,2025-05-25T13:15:29+00:00,,impressive....wow,nan,https://www.youtube.com/watch?v=_5Lr6fDIZG8,0,0,0,0,0,commento
yt_comm_UgwKemNaM1lOyNsY_IN4AaABAg,2025-05-25T14:29:52.115891+00:00,@alexreed8798,,YouTube,2025-05-25T13:14:46+00:00,,Huge L to everyone who was counting Lando out already,nan,https://www.youtube.com/watch?v=_5Lr6fDIZG8,0,0,0,0,0,commento
yt_comm_UgzmlyN4rqCaGcUjB754AaABAg,2025-05-25T14:29:52.115891+00:00,@SuperDododidi,,YouTube,2025-05-25T13:07:49+00:00,,Name your videos differently! I‚Äôm not up to date and wanted to watch the highlights first but thanks to you I don‚Äôt need to because I know everything important from the name of the videoü§∑üèª‚Äç‚ôÇÔ∏è why do you need to add the name of the driver and a picture of their car?! Just name it pole lap Monaco and everybody that wants to see it can do that and easily find it but everybody else won‚Äôt be spoilered!,ü§∑üèª‚Äç‚ôÇÔ∏è,https://www.youtube.com/watch?v=_5Lr6fDIZG8,1,0,0,0,0,commento
yt_comm_UgwUu64YM8jPak_YirB4AaABAg,2025-05-25T14:29:52.115891+00:00,@STEASE,,YouTube,2025-05-25T12:57:48+00:00,,*Waiting for Red Bulls (Horners) sus response*,nan,https://www.youtube.com/watch?v=_5Lr6fDIZG8,0,0,0,0,0,commento
yt_comm_UgzZEfmtsVZkfIYDS7h4AaABAg,2025-05-25T14:29:52.115891+00:00,@Ilovetennisbird69,,YouTube,2025-05-25T12:49:18+00:00,,The New Camera FOV is Goated,nan,https://www.youtube.com/watch?v=_5Lr6fDIZG8,0,0,0,0,0,commento
yt_comm_UgyA7gZbf0V_zQJpJQZ4AaABAg,2025-05-25T14:29:52.115891+00:00,@br2324,,YouTube,2025-05-25T12:38:42+00:00,,"weird how it was green green yellow, yet new lap record",nan,https://www.youtube.com/watch?v=_5Lr6fDIZG8,0,0,0,0,0,commento
yt_comm_UgzXZ3kxOBOvLi8IEpp4AaABAg,2025-05-25T14:29:52.115891+00:00,@ahmedelazhary9882,,YouTube,2025-05-25T12:24:40+00:00,,"That looks so prefect , Bravo Lando",nan,https://www.youtube.com/watch?v=_5Lr6fDIZG8,0,0,0,0,0,commento
yt_comm_UgzJ0wWqkdyDr_-UcP94AaABAg,2025-05-25T14:29:52.115891+00:00,@claudio2739,,YouTube,2025-05-25T12:09:21+00:00,,"Semplicemente perfetto,sublime!!!!",nan,https://www.youtube.com/watch?v=_5Lr6fDIZG8,0,0,0,0,0,commento
yt_comm_Ugx4V0SDphbDiB5LUzR4AaABAg,2025-05-25T14:29:52.115891+00:00,@AureliaVidya,,YouTube,2025-05-25T12:03:01+00:00,,"Hopefully, he needed this lap to gather his belongings.",nan,https://www.youtube.com/watch?v=_5Lr6fDIZG8,54,0,0,0,0,commento
yt_comm_Ugy4MmNxrpAwyRBqPXx4AaABAg,2025-05-25T14:29:52.115891+00:00,@Teeeeeeeeee46,,YouTube,2025-05-25T11:46:22+00:00,,When are they going to do Canada?,nan,https://www.youtube.com/watch?v=_5Lr6fDIZG8,0,0,0,0,0,commento
yt_comm_UgxU6IcvAMv9lSEcuvt4AaABAg,2025-05-25T14:29:52.115891+00:00,@paparazzi1236,,YouTube,2025-05-25T11:43:45+00:00,,"Norris has a fast car, that is it",nan,https://www.youtube.com/watch?v=_5Lr6fDIZG8,0,0,0,0,0,commento
yt_comm_Ugw4xR3bwJLt23APw0R4AaABAg,2025-05-25T14:29:52.115891+00:00,@jph6272,,YouTube,2025-05-25T11:28:00+00:00,,"Incredible lap, literally mm‚Äôs from smashing into a corner",nan,https://www.youtube.com/watch?v=_5Lr6fDIZG8,0,0,0,0,0,commento
yt_comm_UgyS1YjwJQmDW588ANN4AaABAg,2025-05-25T14:29:52.115891+00:00,@notiziesulcalcio,,YouTube,2025-05-25T11:08:58+00:00,,"From a Ferrari fan, spectacular lando!",nan,https://www.youtube.com/watch?v=_5Lr6fDIZG8,0,0,0,0,0,commento
yt_comm_Ugww7aVw9nS7v_S8cid4AaABAg,2025-05-25T14:29:52.115891+00:00,@gregorystuby2761,,YouTube,2025-05-25T10:55:16+00:00,,"Somehow, I am not too fond of the Monaco race track. It's frightening.",nan,https://www.youtube.com/watch?v=_5Lr6fDIZG8,0,0,0,0,0,commento
yt_comm_UgzqWxvqCY2jAP6i3K54AaABAg,2025-05-25T14:29:52.115891+00:00,@Luckyfox_112,,YouTube,2025-05-25T10:52:07+00:00,,0:58,nan,https://www.youtube.com/watch?v=_5Lr6fDIZG8,0,0,0,0,0,commento
yt_comm_UgxYWh6E3I5Q75SulpJ4AaABAg,2025-05-25T14:29:52.115891+00:00,@Luckyfox_112,,YouTube,2025-05-25T10:50:51+00:00,,almost into the wall 0:47,nan,https://www.youtube.com/watch?v=_5Lr6fDIZG8,0,0,0,0,0,commento
yt_comm_Ugx08dK9lD6aERyDFyx4AaABAg,2025-05-25T14:29:52.115891+00:00,@Venividivici55555,,YouTube,2025-05-25T10:43:09+00:00,,Over/under 2 overtakes in today's full race? I say under.,nan,https://www.youtube.com/watch?v=_5Lr6fDIZG8,0,1,0,0,0,commento
yt_comm_UgxSXGOuxT_c7fnmIsd4AaABAg,2025-05-25T14:29:52.115891+00:00,@yibambe4ever74,,YouTube,2025-05-25T10:38:43+00:00,,Car>>>>>>>>Norris,nan,https://www.youtube.com/watch?v=_5Lr6fDIZG8,0,0,0,0,0,commento
yt_comm_UgzAfB7x6HLWept87kF4AaABAg,2025-05-25T14:29:52.115891+00:00,@Formula1,,YouTube,2025-05-24T17:30:21+00:00,,"UPDATE: Lewis Hamilton is hit with a three-place grid penalty for impeding Max Verstappen in Q1, and will now start the race from P7. Max Verstappen, Isack Hadjar, and Fernando Alonso all move up one position.",nan,https://www.youtube.com/watch?v=HEqMg7IAzM0,3515,151,0,0,0,commento
yt_comm_UgwcTn0ZY99pbM0YZpl4AaABAg,2025-05-25T14:29:52.115891+00:00,@purwantiallan5089,,YouTube,2025-05-25T14:23:17+00:00,,"Saturday: Norris on pole. Sunday: Norris P1, McLaren 1-2?",nan,https://www.youtube.com/watch?v=HEqMg7IAzM0,0,0,0,0,0,commento
yt_comm_Ugz-YcpSt8dmhYCckNt4AaABAg,2025-05-25T14:29:52.115891+00:00,@ruiptaurus33,,YouTube,2025-05-25T14:20:41+00:00,,hate this track,nan,https://www.youtube.com/watch?v=HEqMg7IAzM0,0,0,0,0,0,commento
yt_comm_UgxOqXP0kgS521vUU-R4AaABAg,2025-05-25T14:29:52.115891+00:00,@CVinsights,,YouTube,2025-05-25T14:20:30+00:00,,Let‚Äôs wait until Norris gives away his P1 in first corner,nan,https://www.youtube.com/watch?v=HEqMg7IAzM0,0,0,0,0,0,commento
yt_comm_UgwBJ6Xy70FsraGYwvZ4AaABAg,2025-05-25T14:29:52.115891+00:00,@akimodeli,,YouTube,2025-05-25T14:14:19+00:00,,2:28 my guy trying his best to be seen by the camera,nan,https://www.youtube.com/watch?v=HEqMg7IAzM0,0,0,0,0,0,commento
yt_comm_Ugx79Nxzqpii-lJbDX94AaABAg,2025-05-25T14:29:52.115891+00:00,@josps4162,,YouTube,2025-05-25T14:13:25+00:00,,Duo Mercs got replaced by duo VCARBs yo A great qualifying performance for them,nan,https://www.youtube.com/watch?v=HEqMg7IAzM0,0,0,0,0,0,commento
yt_comm_UgzPPi5r2nD5VXJR7pt4AaABAg,2025-05-25T14:29:52.115891+00:00,@nevenkosoric3605,,YouTube,2025-05-25T14:03:22+00:00,,Awesome race.,nan,https://www.youtube.com/watch?v=HEqMg7IAzM0,0,0,0,0,0,commento
yt_comm_Ugy3iD1HlbXq-Pgx_qN4AaABAg,2025-05-25T14:29:52.115891+00:00,@Mrhufnagl,,YouTube,2025-05-25T13:55:47+00:00,,crofty could you please shut up?! thank you,nan,https://www.youtube.com/watch?v=HEqMg7IAzM0,0,0,0,0,0,commento
yt_comm_Ugxx_ZMQUai9kzpN3BF4AaABAg,2025-05-25T14:29:52.115891+00:00,@peter-kun4506,,YouTube,2025-05-25T13:52:08+00:00,,ferrari being ferrari.,nan,https://www.youtube.com/watch?v=HEqMg7IAzM0,0,0,0,0,0,commento
yt_comm_UgxrPIlqWt1NvM_WAo94AaABAg,2025-05-25T14:29:52.115891+00:00,@traciemullins4510,,YouTube,2025-05-25T13:50:50+00:00,,Go Hamilton üéâüéâüéâ,üéâ,https://www.youtube.com/watch?v=HEqMg7IAzM0,0,0,0,0,0,commento
yt_comm_UgzYNEk_rgjKAmbDLW94AaABAg,2025-05-25T14:29:52.115891+00:00,@macmartin86,,YouTube,2025-05-25T13:25:10+00:00,,"Can you please stop screaming the report? it feels like the shouting keeps getting worse, I can't even hear the cars anymore.",nan,https://www.youtube.com/watch?v=HEqMg7IAzM0,0,0,0,0,0,commento
yt_comm_UgxGhgc-SjrnnR2QVXR4AaABAg,2025-05-25T14:29:52.115891+00:00,@_marcoopuccii,,YouTube,2025-05-25T13:22:31+00:00,,McLaren again man...,nan,https://www.youtube.com/watch?v=HEqMg7IAzM0,0,0,0,0,0,commento
yt_comm_UgwXPFC6Aet4dC1WPfp4AaABAg,2025-05-25T14:29:52.115891+00:00,@jayfernando506,,YouTube,2025-05-25T13:08:59+00:00,,Worst grand prix on calendar. Cant overtake. Its old fashioned and boring.,nan,https://www.youtube.com/watch?v=HEqMg7IAzM0,0,0,0,0,0,commento
yt_comm_UgxR5gMW_HNvHn_WDdx4AaABAg,2025-05-25T14:29:52.115891+00:00,@zily7866,,YouTube,2025-05-25T13:02:39+00:00,,"I love that on supposedly the drivers track Max got beat by half the grid and both the Vcarb drivers outperformed Yuki. Shame to miss out on seeing the Merc's compete, Verstappen may have lost out on a couple more spots perhaps. Im also very glad Lewis was considerably slower than Charles. Charles proving again that he shouldnt have to deal with a mouthy pensioner sticking his nose into the team.",nan,https://www.youtube.com/watch?v=HEqMg7IAzM0,0,0,0,0,0,commento
yt_comm_UgyNwsnfzvHPYaAo7kd4AaABAg,2025-05-25T14:29:52.115891+00:00,@birdysean-qb9gr,,YouTube,2025-05-25T12:52:12+00:00,,"I think everyone saw who is norris,common......",nan,https://www.youtube.com/watch?v=HEqMg7IAzM0,0,0,0,0,0,commento
yt_comm_UgyHcSoPN4F4fFSinhZ4AaABAg,2025-05-25T14:29:52.115891+00:00,@DrPharmetheus,,YouTube,2025-05-25T12:47:28+00:00,,"Both RBs ahead of both Mercedes, wowie.",nan,https://www.youtube.com/watch?v=HEqMg7IAzM0,0,0,0,0,0,commento
yt_comm_UgyAdShE8ii7oeOy_xZ4AaABAg,2025-05-25T14:29:52.115891+00:00,@sweeptheleg.,,YouTube,2025-05-25T12:46:01+00:00,,"Poor Kimi was so apologetic when he hit the barrier, probably thought he was going to lose his seat. üòÖ F1 Growing pains.",üòÖ,https://www.youtube.com/watch?v=HEqMg7IAzM0,0,0,0,0,0,commento
yt_comm_UgyJWJX0D6_GN9UyufN4AaABAg,2025-05-25T14:29:52.115891+00:00,@Amin-dd9mk,,YouTube,2025-05-25T12:33:21+00:00,,Williams top as usual. Always consistent,nan,https://www.youtube.com/watch?v=HEqMg7IAzM0,0,0,0,0,0,commento
yt_comm_Ugzwx74qbjNrubxOL914AaABAg,2025-05-25T14:29:52.115891+00:00,@Apsu94,,YouTube,2025-05-25T12:31:26+00:00,,That Zak Brown celebration tells a lot.Never when piastri on pole,nan,https://www.youtube.com/watch?v=HEqMg7IAzM0,0,0,0,0,0,commento
yt_comm_Ugy78OvobpHKIyOsB0h4AaABAg,2025-05-25T14:29:52.115891+00:00,@garymack4650,,YouTube,2025-05-25T12:25:48+00:00,,"Hamilton very arrogant engineer, needs to go very quickly",nan,https://www.youtube.com/watch?v=HEqMg7IAzM0,0,0,0,0,0,commento
yt_comm_Ugzyq-3j0ZdWfzjJCLZ4AaABAg,2025-05-25T14:29:52.115891+00:00,@perryewilsonjr,,YouTube,2025-05-25T13:25:07+00:00,,Amazing visual!!!,nan,https://www.youtube.com/watch?v=dUcbbUKWpxA,0,0,0,0,0,commento
yt_comm_Ugw10COLbxZ4fnqtCuR4AaABAg,2025-05-25T14:29:52.115891+00:00,@ErmesRosacruz,,YouTube,2025-05-25T13:19:18+00:00,,Imagine Charles driving this McLaren...,nan,https://www.youtube.com/watch?v=dUcbbUKWpxA,0,0,0,0,0,commento
yt_comm_UgwsXOZwtEx388lnhKl4AaABAg,2025-05-25T14:29:52.115891+00:00,@syenisqy,,YouTube,2025-05-25T12:25:58+00:00,,Lando Noclip?,nan,https://www.youtube.com/watch?v=dUcbbUKWpxA,0,0,0,0,0,commento
yt_comm_UgxmPAPpctOmhDWOGWd4AaABAg,2025-05-25T14:29:52.115891+00:00,@DaykGT,,YouTube,2025-05-25T12:21:06+00:00,,Mclaren definitely has a hidden small DRS button,nan,https://www.youtube.com/watch?v=dUcbbUKWpxA,0,0,0,0,0,commento
yt_comm_UgybKs0Ue1ITSkfbFTF4AaABAg,2025-05-25T14:29:52.115891+00:00,@JunoBuh,,YouTube,2025-05-25T12:16:49+00:00,,Is that mclaren corner exit even fair?,nan,https://www.youtube.com/watch?v=dUcbbUKWpxA,0,0,0,0,0,commento
yt_comm_UgwKGnYk2olTgUDKjYx4AaABAg,2025-05-25T14:29:52.115891+00:00,@claudio2739,,YouTube,2025-05-25T12:13:03+00:00,,"Differenze minimali,entrambi molto prestanti .",nan,https://www.youtube.com/watch?v=dUcbbUKWpxA,0,0,0,0,0,commento
yt_comm_UgwsGF_xeWecq4s5KK54AaABAg,2025-05-25T14:29:52.115891+00:00,@magnoalmeida,,YouTube,2025-05-25T12:08:56+00:00,,Not very accurate. Charles was ahead at swimming pool sector.,nan,https://www.youtube.com/watch?v=dUcbbUKWpxA,0,0,0,0,0,commento
yt_comm_UgxmXk3_UwCY3lBXl954AaABAg,2025-05-25T14:29:52.115891+00:00,@aslambuckus7809,,YouTube,2025-05-25T12:02:54+00:00,,Leclerc the superior driver for sure.,nan,https://www.youtube.com/watch?v=dUcbbUKWpxA,0,0,0,0,0,commento
yt_comm_Ugw13oVNxTBYW9eKbSR4AaABAg,2025-05-25T14:29:52.115891+00:00,@egj1975,,YouTube,2025-05-25T11:51:33+00:00,,The Ferrari have great mechanical grip in the low speed. This is so cool to see.,nan,https://www.youtube.com/watch?v=dUcbbUKWpxA,0,0,0,0,0,commento
yt_comm_UgyEjSJYQ-Up3RqJSY14AaABAg,2025-05-25T14:29:52.115891+00:00,@Teeeeeeeeee46,,YouTube,2025-05-25T11:46:05+00:00,,When are they going to do Canada?,nan,https://www.youtube.com/watch?v=dUcbbUKWpxA,0,0,0,0,0,commento
yt_comm_UgxKe_0DszQjAUaC8AF4AaABAg,2025-05-25T14:29:52.115891+00:00,@chikwakatebe5577,,YouTube,2025-05-25T11:40:12+00:00,,The Mclaren is quick man...sheesh,nan,https://www.youtube.com/watch?v=dUcbbUKWpxA,0,0,0,0,0,commento
yt_comm_UgzDjYPop9LS9ECNkNJ4AaABAg,2025-05-25T14:29:52.115891+00:00,@mirkoguarino4913,,YouTube,2025-05-25T11:38:31+00:00,,Did Leclerc hit the wall after the tunnel?,nan,https://www.youtube.com/watch?v=dUcbbUKWpxA,0,0,0,0,0,commento
yt_comm_Ugxgk3AGQpLYwOSjJCp4AaABAg,2025-05-25T14:29:52.115891+00:00,@FemaleJesse1,,YouTube,2025-05-25T11:33:19+00:00,,I was more impressed by Leclerc P2 and wanted to see this lap but thought I would never get the chance. nice upload.‚ù§‚ù§‚ù§‚ù§‚ù§‚ù§‚ù§,‚ù§,https://www.youtube.com/watch?v=dUcbbUKWpxA,120,0,0,0,0,commento
yt_comm_UgxKiMn7spmLTf_tHh14AaABAg,2025-05-25T14:29:52.115891+00:00,@real.hamzaadams,,YouTube,2025-05-25T11:17:19+00:00,,Lando is so quick on the power!!,nan,https://www.youtube.com/watch?v=dUcbbUKWpxA,1,0,0,0,0,commento
yt_comm_UgyL8qy-Pe58ucldvjx4AaABAg,2025-05-25T14:29:52.115891+00:00,@alexanderb.9178,,YouTube,2025-05-25T11:09:54+00:00,,"Holy smokes, that McLaren is all over the road, its a miracle Lerlerc didnt hit him!",nan,https://www.youtube.com/watch?v=dUcbbUKWpxA,0,0,0,0,0,commento
yt_comm_UgxDU_j52lFGIU1Rj1x4AaABAg,2025-05-25T14:29:52.115891+00:00,@philthymiller,,YouTube,2025-05-25T10:59:12+00:00,,I think there's only me who hates this circuit. Its bobbins! 10 of the last 12 races won from pole position. Says it all really. Boring,nan,https://www.youtube.com/watch?v=dUcbbUKWpxA,0,0,0,0,0,commento
yt_comm_UgwzzzVnU1Qth9C5SFV4AaABAg,2025-05-25T14:29:52.115891+00:00,@Rappy1,,YouTube,2025-05-25T10:58:36+00:00,,The ghost car has the Ferrari chassis I think. Not complaining just saying,nan,https://www.youtube.com/watch?v=dUcbbUKWpxA,0,0,0,0,0,commento
yt_comm_UgzEwIrX9w5IR3-MR0B4AaABAg,2025-05-25T14:29:52.115891+00:00,@michelebuono6822,,YouTube,2025-05-25T10:44:28+00:00,,"Better driving from Leclerc, better car from Norris xD",nan,https://www.youtube.com/watch?v=dUcbbUKWpxA,0,0,0,0,0,commento
yt_comm_UgwUIjoHbtKbrhtPJZV4AaABAg,2025-05-25T14:29:52.115891+00:00,@berodagaming2632,,YouTube,2025-05-25T10:41:40+00:00,,"mclaren was not strong in low speed, but norris prove, charles lecrec with faster car just canot do more",nan,https://www.youtube.com/watch?v=dUcbbUKWpxA,0,0,0,0,0,commento
yt_comm_UgxGbksyRQIu0Yp2dHN4AaABAg,2025-05-25T14:29:52.115891+00:00,@sudiptasingh,,YouTube,2025-05-25T10:40:12+00:00,,"Ferrari pace difference shows in the tunnel ‚Ä¶ that‚Äôs where Lando got and stayed ahead. Leclerc more precise in his approach, lando more aggressive",nan,https://www.youtube.com/watch?v=dUcbbUKWpxA,0,0,0,0,0,commento
yt_comm_UgxhvwFtj63AXL4ik1h4AaABAg,2025-05-25T14:29:52.115891+00:00,@giangiannigiannini4836,,YouTube,2025-05-25T11:26:02+00:00,,Ormai leclerc ha vinto il mondiale. √à troppo forte. √à inutile disputare gli altri gp,nan,https://www.youtube.com/watch?v=Qe4c1l4KVKc,0,0,0,0,0,commento
yt_comm_UgyhSEy7Ppt_QL3fZpZ4AaABAg,2025-05-25T14:29:52.115891+00:00,@its_sofyy,,YouTube,2025-05-25T10:34:05+00:00,,"Uomo contro macchina ? Mah! Qualcuno della redazio e glielo dica di non dire spesso questa stronzata, norris e' un signor pilota",nan,https://www.youtube.com/watch?v=Qe4c1l4KVKc,0,0,0,0,0,commento
yt_comm_UgyBd1l2UuX43woPQod4AaABAg,2025-05-25T14:29:52.115891+00:00,@agatinocaruso1413,,YouTube,2025-05-25T10:01:35+00:00,,"Osannare la McLaren e Andrea Stella quando c'√® Leclerc che d√† l'anima, vattene a casa Vanzini",nan,https://www.youtube.com/watch?v=Qe4c1l4KVKc,0,0,0,0,0,commento
yt_comm_UgyajQ6_WJrG-xovVJN4AaABAg,2025-05-25T14:29:52.115891+00:00,@aldobiserni6416,,YouTube,2025-05-25T08:44:28+00:00,,Verstappen e Leclerc hanno qualcosa in pi√π degli altri che sono comunque grandi piloti,nan,https://www.youtube.com/watch?v=Qe4c1l4KVKc,0,1,0,0,0,commento
yt_comm_UgyBUQhdHZDe36KHdQN4AaABAg,2025-05-25T14:29:52.115891+00:00,@andreabrambati4285,,YouTube,2025-05-25T08:27:04+00:00,,Du du du du! Lando Norris! üß°4Ô∏è‚É£,"üß°,4Ô∏è‚É£",https://www.youtube.com/watch?v=Qe4c1l4KVKc,0,0,0,0,0,commento
yt_comm_UgyFrXnTEa0kcUPfBGN4AaABAg,2025-05-25T14:29:52.115891+00:00,@ennesimo84,,YouTube,2025-05-25T08:22:05+00:00,,Mezzo miracolo l‚Äôha fatto,nan,https://www.youtube.com/watch?v=Qe4c1l4KVKc,0,0,0,0,0,commento
yt_comm_UgzSJJPKM242zvSRnvh4AaABAg,2025-05-25T14:29:52.115891+00:00,@NIcolaPira90,,YouTube,2025-05-25T08:17:09+00:00,,"Basta con il solito ‚Äòdate una macchina a Leclerc‚Äô: quando l‚Äôha avuta, non ha combinato granch√©. Detto ci√≤, oggi ha comunque fatto un giro strepitoso. Il consiglio, se vuole davvero sperare di vincere qualcosa? Andarsene dalla Ferrari. Norris perfetto",nan,https://www.youtube.com/watch?v=Qe4c1l4KVKc,2,3,0,0,0,commento
yt_comm_UgwQtR5fOQZrK4ZOyeB4AaABAg,2025-05-25T14:29:52.115891+00:00,@danbrown4090,,YouTube,2025-05-25T08:03:34+00:00,,"Insostenibile il motto secondo il quale Leclerc (l'uomo) combatte (in una sfida impari) contro la macchina (la McLaren)!!! La Ferrari a Montecarlo √® parsa in perfetta forma per fortuna e per bravura dei tecnici, altroch√©! Grandi esperti, nn c'√® che dire! A proposito di esperti, ricordo ancora una telecronaca posticcia del Gp d'Austria del 1982 in cui il telecronista, nel commentare le difficolt√† di guida di Elio De Angelis nel rintuzzare gli attacchi di Keke Rosberg, le imputava alle nuove regole, secondo lui in vigore da quell'anno, che conteplando l'eliminazione delle minigonne, avevano reso le vetture pi√π instabili...Peccato che le minigonne fossero ancora presenti e si notavano benissimo!!! Da quando ho assistito a quella telecronaca, abbasso il volume il pi√π possibile durante i Gp e mi concentro unicamente sulle voci di Marc Gen√® e di Roberto Chinchero...",nan,https://www.youtube.com/watch?v=Qe4c1l4KVKc,3,6,0,0,0,commento
yt_comm_UgzWSlP93oXDsmSbI5d4AaABAg,2025-05-25T14:29:52.115891+00:00,@pierpaolospecchiulli1931,,YouTube,2025-05-25T07:31:33+00:00,,Absolute cinema,nan,https://www.youtube.com/watch?v=Qe4c1l4KVKc,0,0,0,0,0,commento
yt_comm_UgwN7lbypYMtN4e6DWl4AaABAg,2025-05-25T14:29:52.115891+00:00,@filippozanotti5354,,YouTube,2025-05-25T05:31:52+00:00,,GRANDE CHARLES!!! üëèüèªüëèüèªüëèüèªüëèüèªüëèüèªüëèüèªüëèüèªüëèüèªüëèüèªüëèüèªüëèüèª Con una macchina non competitiva ha fatto un capolavoro!!!BRAVO!!!!üëçüèªüëçüèªüëçüèªüëçüèªüîùüíØüòéüí™üèª FORZA LEWIS!!!,"üí™üèª,üòé,üîù,üëçüèª,üíØ,üëèüèª",https://www.youtube.com/watch?v=Qe4c1l4KVKc,0,0,0,0,0,commento
yt_comm_UgwgLxBvRQJGP-sHqEJ4AaABAg,2025-05-25T14:29:52.115891+00:00,@ciroesposito3773,,YouTube,2025-05-24T21:53:34+00:00,,Scommettiamo che verstappen arriva almeno davanti alle ferrari..,nan,https://www.youtube.com/watch?v=Qe4c1l4KVKc,1,0,0,0,0,commento
yt_comm_Ugwgd58DHETi4xN1dQB4AaABAg,2025-05-25T14:29:52.115891+00:00,@agenziaalfa77,,YouTube,2025-05-24T21:52:18+00:00,,Se il telecronista gridasse di meno sarebbe molto meglio....rimpiango Mario Poltronieri.,nan,https://www.youtube.com/watch?v=Qe4c1l4KVKc,5,0,0,0,0,commento
yt_comm_UgxM3_BKjclPvcclfXB4AaABAg,2025-05-25T14:29:52.115891+00:00,@davidebragetti1423,,YouTube,2025-05-24T18:46:44+00:00,,Che palle sta telecronaca esaltata. üòÇ,üòÇ,https://www.youtube.com/watch?v=Qe4c1l4KVKc,5,1,0,0,0,commento
yt_comm_UgytWf5FIAIbQ5wwVI14AaABAg,2025-05-25T14:29:52.115891+00:00,@Chiara-eo6gi,,YouTube,2025-05-24T18:46:09+00:00,,"Premettendo che Charles √® stato grande, ma quando la pole la faceva Piastri ed √® subito iceman, chirurgico, il killer e menate varie, poi la fa Norris... √® perch√© ha l'astronave. Quanto fate ridere Ges√π. Per poi dire addirittura alla fine noi lo critichiamo perch√© crediamo nelle sue capacit√†, per riparare al fatto che non lo davate neanche nei primi tre hahahahha",nan,https://www.youtube.com/watch?v=Qe4c1l4KVKc,4,1,0,0,0,commento
yt_comm_UgwVtwENUxGYb2frdcp4AaABAg,2025-05-25T14:29:52.115891+00:00,@Swobody,,YouTube,2025-05-24T18:42:00+00:00,,La Ferrari deve essere completamente rossa!,nan,https://www.youtube.com/watch?v=Qe4c1l4KVKc,0,0,0,0,0,commento
yt_comm_UgxFB66o5A3SpG5iNll4AaABAg,2025-05-25T14:29:52.115891+00:00,@alanastrologi4329,,YouTube,2025-05-24T18:25:58+00:00,,Ma mi potete spiegare perch√© questo deve urlare ?,nan,https://www.youtube.com/watch?v=Qe4c1l4KVKc,6,1,0,0,0,commento
yt_comm_UgxAxZuHySXtM5FzZFp4AaABAg,2025-05-25T14:29:52.115891+00:00,@RaimondoFerrandino,,YouTube,2025-05-24T18:15:33+00:00,,Un'astronave che bara e e e,nan,https://www.youtube.com/watch?v=Qe4c1l4KVKc,0,0,0,0,0,commento
yt_comm_Ugy5kh-OHhnM0gABdXF4AaABAg,2025-05-25T14:29:52.115891+00:00,@Steo23,,YouTube,2025-05-24T18:03:40+00:00,,Macchina contro uomoüòÇüòÇüòÇ,üòÇ,https://www.youtube.com/watch?v=Qe4c1l4KVKc,3,0,0,0,0,commento
yt_comm_Ugy-jAvnMgPQ_MP7kXd4AaABAg,2025-05-25T14:29:52.115891+00:00,@mirellaburdo361,,YouTube,2025-05-24T17:57:46+00:00,,"Strepitoso Charles, UOMO CONTRO MACCHINA",nan,https://www.youtube.com/watch?v=Qe4c1l4KVKc,3,2,0,0,0,commento
yt_comm_Ugxhx7zryoOk136RYhd4AaABAg,2025-05-25T14:29:52.115891+00:00,@LorenzoRosso-g6e,,YouTube,2025-05-24T17:53:53+00:00,,Ma il commentatore ???? üò∑üò∑üò∑,üò∑,https://www.youtube.com/watch?v=Qe4c1l4KVKc,4,0,0,0,0,commento
yt_comm_UgyeE31Ap8ddleiPzih4AaABAg,2025-05-25T14:29:52.115891+00:00,@TomNook.,,YouTube,2025-05-25T14:09:11+00:00,,29 cars in Monaco is wild,nan,https://www.youtube.com/watch?v=4nJ-2BdWN8w,0,0,0,0,0,commento
yt_comm_UgxDCFLhpjVU-jWRoRJ4AaABAg,2025-05-25T14:29:52.115891+00:00,@mbernales8271,,YouTube,2025-05-25T14:06:27+00:00,,"I feel so bad for rafa, I hope Barcelona will be better.",nan,https://www.youtube.com/watch?v=4nJ-2BdWN8w,0,0,0,0,0,commento
yt_comm_UgyMGaBikaEH7TArjMx4AaABAg,2025-05-25T14:29:52.115891+00:00,@HannahCortez-i4q,,YouTube,2025-05-25T13:36:49+00:00,,"Untouchable, Tsolov was pleased to see Bilinski at the top of the podium.",nan,https://www.youtube.com/watch?v=4nJ-2BdWN8w,73,0,0,0,0,commento
yt_comm_UgxrecT4_yfAnw6-noR4AaABAg,2025-05-25T14:29:52.115891+00:00,@NuclearHeadshot,,YouTube,2025-05-25T13:22:41+00:00,,Charlie made the Wurz decision this weekend (unless he was literally unable to make pit entry),nan,https://www.youtube.com/watch?v=4nJ-2BdWN8w,0,0,0,0,0,commento
yt_comm_Ugyg-YnKH4609W00weJ4AaABAg,2025-05-25T14:29:52.115891+00:00,@angelatanurdzic7508,,YouTube,2025-05-25T13:14:23+00:00,,Nikola üáßüá¨,üáßüá¨,https://www.youtube.com/watch?v=4nJ-2BdWN8w,0,0,0,0,0,commento
yt_comm_UgxIQ5RYjCE3VGYEttJ4AaABAg,2025-05-25T14:29:52.115891+00:00,@benwalter4842,,YouTube,2025-05-25T13:12:59+00:00,,So glad that they have the halo and the catch fence. Someone could have easily died if that wheel hit them in the head.,nan,https://www.youtube.com/watch?v=4nJ-2BdWN8w,0,0,0,0,0,commento
yt_comm_UgxN2FzPMmIW7yZfZKB4AaABAg,2025-05-25T14:29:52.115891+00:00,@toxicwaptv9935,,YouTube,2025-05-25T12:51:41+00:00,,Formula three have the most car in formla,nan,https://www.youtube.com/watch?v=4nJ-2BdWN8w,0,0,0,0,0,commento
yt_comm_Ugwev0z2vxy5AlahxXB4AaABAg,2025-05-25T14:29:52.115891+00:00,@IgorFioli,,YouTube,2025-05-25T12:31:23+00:00,,"That Wurz kid... Not the brightest, huh?",nan,https://www.youtube.com/watch?v=4nJ-2BdWN8w,0,0,0,0,0,commento
yt_comm_UgxsE79oQmT8oiex5iJ4AaABAg,2025-05-25T14:29:52.115891+00:00,@Mike-xh8fl,,YouTube,2025-05-25T12:29:02+00:00,,Absolutely disgraceful driving by Wurz. Fully needs a race ban for that.,nan,https://www.youtube.com/watch?v=4nJ-2BdWN8w,2,0,0,0,0,commento
yt_comm_UgwVwBVLnvT39IxeHhF4AaABAg,2025-05-25T14:29:52.115891+00:00,@lyonspell,,YouTube,2025-05-25T12:28:05+00:00,,"Trident really messed up their cars, commands and strategy in Monaco.",nan,https://www.youtube.com/watch?v=4nJ-2BdWN8w,0,0,0,0,0,commento
yt_comm_UgzJCnmqBOjK0BD16Jd4AaABAg,2025-05-25T14:29:52.115891+00:00,@BreakawayB,,YouTube,2025-05-25T12:26:32+00:00,,I don‚Äôt like when the drivers take all the credit. Re: the radio message at the end.,nan,https://www.youtube.com/watch?v=4nJ-2BdWN8w,1,0,0,0,0,commento
yt_comm_UgxYbMclrdKzDJnJTHl4AaABAg,2025-05-25T14:29:52.115891+00:00,@Rhyuunan,,YouTube,2025-05-25T12:22:59+00:00,,its too difficult to ask i race like this on F1?,nan,https://www.youtube.com/watch?v=4nJ-2BdWN8w,1,0,0,0,0,commento
yt_comm_UgwY6H-ZSK-i7MexgNN4AaABAg,2025-05-25T14:29:52.115891+00:00,@jesserowlingsify,,YouTube,2025-05-25T12:21:57+00:00,,"this just shows the size that f1 cars should be. these cars look so much better around tracks like monaco than the current behemoths of f1, not to mention being able to race each other easier. bring back smaller cars!",nan,https://www.youtube.com/watch?v=4nJ-2BdWN8w,0,0,0,0,0,commento
yt_comm_UgwKA492plmGXG_wgAN4AaABAg,2025-05-25T14:29:52.115891+00:00,@fuzzfizz,,YouTube,2025-05-25T12:21:24+00:00,,Noel is Leon backwards,nan,https://www.youtube.com/watch?v=4nJ-2BdWN8w,0,0,0,0,0,commento
yt_comm_UgyDJW2P4rxcRJ9NSER4AaABAg,2025-05-25T14:29:52.115891+00:00,@WATANT5857,,YouTube,2025-05-25T12:20:11+00:00,,That celebration was cold ngl,nan,https://www.youtube.com/watch?v=4nJ-2BdWN8w,0,0,0,0,0,commento
yt_comm_Ugxr8O3RD1kLDw6ZwGJ4AaABAg,2025-05-25T14:29:52.115891+00:00,@ahmadeus8427,,YouTube,2025-05-25T12:13:47+00:00,,"This is drive to survive lol, it's so chaos",nan,https://www.youtube.com/watch?v=4nJ-2BdWN8w,0,0,0,0,0,commento
yt_comm_Ugyb1XB49S7Qr4ATx3N4AaABAg,2025-05-25T14:29:52.115891+00:00,@TheConfidentNoob,,YouTube,2025-05-25T12:13:40+00:00,,The F3 Prema team is a joke this seasonüòÇ,üòÇ,https://www.youtube.com/watch?v=4nJ-2BdWN8w,0,0,0,0,0,commento
yt_comm_UgxVYlu7i_YcU2GXbep4AaABAg,2025-05-25T14:29:52.115891+00:00,@terrorcreeper,,YouTube,2025-05-25T12:12:07+00:00,,"why was the last guy in the pink thing not even trying do get the first corner normal, i mean he had all the space he needed. it's unnecessary to cutting the corner here, make no sense. üòÇ",üòÇ,https://www.youtube.com/watch?v=4nJ-2BdWN8w,0,0,0,0,0,commento
yt_comm_UgyVJo-y0-HtWP_DK2p4AaABAg,2025-05-25T14:29:52.115891+00:00,@AbA-wk7yp,,YouTube,2025-05-25T12:07:16+00:00,,Badoer lives up to his family name,nan,https://www.youtube.com/watch?v=4nJ-2BdWN8w,0,0,0,0,0,commento
yt_comm_Ugx7kb5mcZ8WveC6eoB4AaABAg,2025-05-25T14:29:52.115891+00:00,@ConnorPenfold,,YouTube,2025-05-25T12:05:17+00:00,,Crazy racing as always!,nan,https://www.youtube.com/watch?v=4nJ-2BdWN8w,1,0,0,0,0,commento
yt_comm_UgxMN-KEZzRpzLlVEUZ4AaABAg,2025-05-25T14:46:58.940639+00:00,@im_travis-12c,,YouTube,2025-05-25T14:45:35+00:00,,Durksen's having a terrible weekend in Monaco.,nan,https://www.youtube.com/watch?v=ahGzQDnzW0I,1,0,0,0,0,commento
yt_comm_Ugxt_kZydCBaXKZCkex4AaABAg,2025-05-25T14:46:58.940639+00:00,@SekarTania-l2j,,YouTube,2025-05-25T14:44:11+00:00,,Dunne demonstrates why he is the greatest of all time at driving foolishly.,nan,https://www.youtube.com/watch?v=ahGzQDnzW0I,0,0,0,0,0,commento
yt_comm_UgyKozFZI_UPOnFvYg94AaABAg,2025-05-25T14:46:58.940639+00:00,@macavree9464,,YouTube,2025-05-25T14:43:58+00:00,,Is Sebastian Montoya related to Pablo Montoya?,nan,https://www.youtube.com/watch?v=ahGzQDnzW0I,0,0,0,0,0,commento
yt_comm_Ugx4kFSxPesF4Ee1uLF4AaABAg,2025-05-25T14:46:58.940639+00:00,@strider_duck029,,YouTube,2025-05-25T14:30:25+00:00,,Reminds me of GT World Cup 2017 Car Pileup,nan,https://www.youtube.com/watch?v=ahGzQDnzW0I,1,0,0,0,0,commento
yt_comm_Ugy__ha_v3gxin7iofh4AaABAg,2025-05-25T14:46:58.940639+00:00,@joaopires1761,,YouTube,2025-05-25T14:30:18+00:00,,Alex Dunne spent more time with race direction this weekend than he did on track.,nan,https://www.youtube.com/watch?v=ahGzQDnzW0I,0,0,0,0,0,commento
yt_comm_UgxntN7Tb1Ts3Zm35tV4AaABAg,2025-05-25T14:46:58.940639+00:00,@MarcoAnguloistheGOAT,,YouTube,2025-05-25T14:26:49+00:00,,‚Äúno heroics into sainte devote‚Äù,nan,https://www.youtube.com/watch?v=ahGzQDnzW0I,0,0,0,0,0,commento
yt_comm_Ugy9g9J30cSapEQvPEZ4AaABAg,2025-05-25T14:46:58.940639+00:00,@cristinadantas283,,YouTube,2025-05-25T14:26:32+00:00,,0:11 Acidente Na Saint Devote! Refer√™ncia Na GP2 Series 2013! Eu Entendi A Refer√™ncia,nan,https://www.youtube.com/watch?v=ahGzQDnzW0I,1,0,0,0,0,commento
yt_comm_UgxLAmSS22EIyzFixBR4AaABAg,2025-05-25T14:46:58.940639+00:00,@simonstone1100,,YouTube,2025-05-25T14:20:33+00:00,,He dunne a schumacher,nan,https://www.youtube.com/watch?v=ahGzQDnzW0I,0,0,0,0,0,commento
yt_comm_UgyW2v1MGXhUM-ug2V94AaABAg,2025-05-25T14:46:58.940639+00:00,@TomNook.,,YouTube,2025-05-25T14:18:44+00:00,,0:12 Reminds me of the Matrix Reloaded motorway scene,nan,https://www.youtube.com/watch?v=ahGzQDnzW0I,0,0,0,0,0,commento
yt_comm_UgxgqGCjfHdfkkPCjZ54AaABAg,2025-05-25T14:46:58.940639+00:00,@marioalessandropisani4218,,YouTube,2025-05-25T14:16:42+00:00,,Tutto regolare fino a questo momento!,nan,https://www.youtube.com/watch?v=ahGzQDnzW0I,0,0,0,0,0,commento
yt_comm_Ugypxp2xEegGnYzC_094AaABAg,2025-05-25T14:46:58.940639+00:00,@MiguelCosta-ig8sf,,YouTube,2025-05-25T14:09:59+00:00,,"replace the driver from maclaren its unaccetable, in fact watching better maybe martins could had open wide to pass still its unaccetable",nan,https://www.youtube.com/watch?v=ahGzQDnzW0I,0,0,0,0,0,commento
yt_comm_UgzPu835_Ilq-DsrrCF4AaABAg,2025-05-25T14:46:58.940639+00:00,@randomrexy2135,,YouTube,2025-05-25T14:07:47+00:00,,Dunne saw the f1 rule book and thaught (lets do some homework on the field today),nan,https://www.youtube.com/watch?v=ahGzQDnzW0I,0,0,0,0,0,commento
yt_comm_UgxmHyerKmCsFwtVnQl4AaABAg,2025-05-25T14:46:58.940639+00:00,@inS41NT,,YouTube,2025-05-25T14:06:43+00:00,,100% Dunnes Fault,nan,https://www.youtube.com/watch?v=ahGzQDnzW0I,0,0,0,0,0,commento
yt_comm_UgyHrnfcWJsVKF9DZnp4AaABAg,2025-05-25T14:46:58.940639+00:00,@garbage2882,,YouTube,2025-05-25T14:06:40+00:00,,Dunne showing why he's the GOAT of driving like an idiot,nan,https://www.youtube.com/watch?v=ahGzQDnzW0I,0,0,0,0,0,commento
yt_comm_UgxJ5FAs2QFHZk5NcjJ4AaABAg,2025-05-25T14:46:58.940639+00:00,@notanoption1793,,YouTube,2025-05-25T14:06:12+00:00,,"When is Formula 1 giving up on Monaco üò≠ We just saw live that it simply doesn't work with the F1 Williams cars holding everyone up. Even with your mandated 2-stop rule, the racing isn't coming. Many fans criticize the Monaco GP for this exact issue. we don't like this combination of Monaco and wider, faster cars. it's not a race, it's a spectacle drive-by.",üò≠,https://www.youtube.com/watch?v=ahGzQDnzW0I,0,0,0,0,0,commento
yt_comm_UgwNyYyw-Naj0vD6abt4AaABAg,2025-05-25T14:46:58.940639+00:00,@juanpineda2338,,YouTube,2025-05-25T14:05:03+00:00,,"Dunne hit Villagomez in the last corner trying to squeeze in where he was never going to fit, and he put his nose in that first corner where he had already lost. He wasn¬¥t given much space, but willingly goes in for the wreck as well.",nan,https://www.youtube.com/watch?v=ahGzQDnzW0I,0,0,0,0,0,commento
yt_comm_UgwErdK_hrr5oOpS-Jl4AaABAg,2025-05-25T14:46:58.940639+00:00,@shaunportelli6201,,YouTube,2025-05-25T14:04:24+00:00,,I'm here because I saw a photo of the Turn 1 incident and thought it was fake so I came to check it was real wth,nan,https://www.youtube.com/watch?v=ahGzQDnzW0I,0,0,0,0,0,commento
yt_comm_UgyLZ-GTe7hwqTYTFWp4AaABAg,2025-05-25T14:46:58.940639+00:00,@darinpetty3741,,YouTube,2025-05-25T13:59:35+00:00,,Ring a round the rosey,nan,https://www.youtube.com/watch?v=ahGzQDnzW0I,0,0,0,0,0,commento
yt_comm_UgwDeYKdnBqtrQA2I2J4AaABAg,2025-05-25T14:46:58.940639+00:00,@anishv4731,,YouTube,2025-05-25T13:59:14+00:00,,greedy durksenüòÇüòÇüòÇ,üòÇ,https://www.youtube.com/watch?v=ahGzQDnzW0I,0,0,0,0,0,commento
yt_comm_UgwSY6Fonw73_g1m21p4AaABAg,2025-05-25T14:46:58.940639+00:00,@bobdole4432,,YouTube,2025-05-25T13:56:31+00:00,,JAK CRAWFORD üá∫üá∏,üá∫üá∏,https://www.youtube.com/watch?v=ahGzQDnzW0I,0,0,0,0,0,commento
yt_comm_UgwqiRjxaqROibS0fvJ4AaABAg,2025-05-25T14:46:58.940639+00:00,@gabrielreynolds7219,,YouTube,2025-05-25T14:45:46+00:00,,Go Lando I knew he was a team player,nan,https://www.youtube.com/watch?v=_5Lr6fDIZG8,1,0,0,0,0,commento
yt_comm_UgzTYocErv8mGyoKmlR4AaABAg,2025-05-25T14:46:58.940639+00:00,@slaves329.,,YouTube,2025-05-25T14:34:00+00:00,,Easy to tell what landos favourite track is!,nan,https://www.youtube.com/watch?v=_5Lr6fDIZG8,0,0,0,0,0,commento
yt_comm_UgzNRR14F3fXaUBc3x14AaABAg,2025-05-25T14:46:58.940639+00:00,@suninmoon4601,,YouTube,2025-05-25T14:31:05+00:00,,Great Q3 - one of the best I've ever seen üëè,üëè,https://www.youtube.com/watch?v=HEqMg7IAzM0,0,0,0,0,0,commento
yt_comm_UgztaMX1RQYEfQZZD5x4AaABAg,2025-05-25T14:46:58.940639+00:00,@kochj0713,,YouTube,2025-05-25T14:30:41+00:00,,Monaco = complete sleeper during race day interesting to watch qualifying and the shinanigans.,nan,https://www.youtube.com/watch?v=HEqMg7IAzM0,0,0,0,0,0,commento
yt_comm_UgwJGaPjbt9gE_eOott4AaABAg,2025-05-25T14:46:58.940639+00:00,@bradleybrannings3127,,YouTube,2025-05-25T14:32:23+00:00,,Didn't know F125 had photorealistic graphics,nan,https://www.youtube.com/watch?v=dUcbbUKWpxA,0,0,0,0,0,commento
yt_comm_Ugwc34wcp8xioFoEyIR4AaABAg,2025-05-25T14:46:58.940639+00:00,@kjoar,,YouTube,2025-05-24T16:27:52+00:00,,"Its not a mandatory 2 pits, its a mandatory of 3 different tyre sets, they, as in if there is a red flag and they change tyre compund then, they only need to do 1 pit stop",nan,https://www.youtube.com/watch?v=OKrg3n5yq3Q,0,1,0,0,0,commento
yt_comm_UgyKKs4zM_5p6wT55yh4AaABAg,2025-05-25T14:50:41.269994+00:00,@johnkochen7264,,YouTube,2025-05-25T14:49:25+00:00,,That has to rank among the most boneheaded moves ever. Let Damon Hill complain about that instead of hating on Verstappen.,nan,https://www.youtube.com/watch?v=ahGzQDnzW0I,0,0,0,0,0,commento
yt_comm_UgzxuNf6CVmW_RCOUuR4AaABAg,2025-05-25T14:50:41.269994+00:00,@philipstiller6386,,YouTube,2025-05-25T14:49:15+00:00,,"The notion that martins was ""entitled"" to the corner is ridiculous. He turned straight into a car he knew he wasnt cleared. Dunne is the one who is ""entitled"" to not be driven straight into. This ""give up or we all crash"" mentality that has become codified in recent years is so horrible and anti racing. Nobody has any ability to race anymore, and you see its disasterous effects from the top down.",nan,https://www.youtube.com/watch?v=ahGzQDnzW0I,0,0,0,0,0,commento
yt_comm_UgxX6z7oGxax-liLvQF4AaABAg,2025-05-25T14:50:41.269994+00:00,@fedricmichaelrivera3430,,YouTube,2025-05-25T14:48:22+00:00,,F2 is more entertaining than the boring F1 race.,nan,https://www.youtube.com/watch?v=ahGzQDnzW0I,0,0,0,0,0,commento
yt_comm_UgzwtpteJRnUpJfJ3Oh4AaABAg,2025-05-25T14:50:41.269994+00:00,@mamba101,,YouTube,2025-05-25T14:46:51+00:00,,"It may have been Martins corner but that won‚Äôt be any consolation, he should have went wider for his own sake.",nan,https://www.youtube.com/watch?v=ahGzQDnzW0I,0,0,0,0,0,commento
yt_comm_Ugw6_AnSbNA3v7sMOGB4AaABAg,2025-05-25T14:50:41.269994+00:00,@Veliotha,,YouTube,2025-05-25T14:48:02+00:00,,Lando has been working..,nan,https://www.youtube.com/watch?v=HEqMg7IAzM0,0,0,0,0,0,commento
yt_comm_UgzHHKx3Z1QY4srFibF4AaABAg,2025-05-25T14:53:55.036919+00:00,@LJKmikuZ33_WMMTF1GT,,YouTube,2025-05-25T14:51:33+00:00,,"1:03 Reporter: Kimi Antonelli, what happened? Kimi: I crashed.",nan,https://www.youtube.com/watch?v=HEqMg7IAzM0,0,0,0,0,0,commento
yt_comm_UgyDDOAVFjnBwB_Zbhh4AaABAg,2025-05-25T14:53:55.036919+00:00,@damian11dg,,YouTube,2025-05-25T14:51:47+00:00,,Well done Bilinski üèÅ‚ù§Ô∏è,"‚ù§Ô∏è,üèÅ",https://www.youtube.com/watch?v=4nJ-2BdWN8w,0,0,0,0,0,commento
yt_comm_UgwkJMLjvcTHeXogqn94AaABAg,2025-05-25T14:53:55.036919+00:00,@a.l.1969,,YouTube,2025-05-25T14:24:48+00:00,,"Spero che in Race Anatomy oggi, la Carlona la diano a Vanzini e Gen√®. I due pit stop obbligatori li hanno mandati in confusione totale!: perfino mia moglie se ne √® accorta.",nan,https://www.youtube.com/watch?v=stng_1gxnGI,0,0,0,0,0,commento
yt_comm_UgzaYmbjO0hItu8q7UB4AaABAg,2025-05-25T14:53:55.036919+00:00,@pietrodidio8126,,YouTube,2025-05-25T06:38:11+00:00,,"Bella qualifica vista tutta su tv8,charles mago dei cittadini,norris prestazione superlativa.Ma la penalit√† a Hamilton √® ingiusta,""problema al monitor""ndr.Potevano valutare che alla fine Hamilton a provato a spostarsi,max √® vero rinuncia al giro veloce, inoltre non √® successo niente e max era gi√† qualificato.",nan,https://www.youtube.com/watch?v=stng_1gxnGI,0,0,0,0,0,commento
yt_comm_UgyGsexSrW_dQHx1Q6V4AaABAg,2025-05-25T14:53:55.036919+00:00,@Jonello-s1p,,YouTube,2025-05-25T02:06:07+00:00,,Ma quelli che osannavano Hamilton? Non vale neanche VettelüòÇüòÇ,üòÇ,https://www.youtube.com/watch?v=stng_1gxnGI,0,0,0,0,0,commento
yt_comm_Ugy911sHhmjCUNXfaqN4AaABAg,2025-05-25T14:53:55.036919+00:00,@Marco-zk6io,,YouTube,2025-05-25T01:42:55+00:00,,"Vanzini basta con ‚Äúla macchina contro l‚Äôuomo‚Äù, hai stufato!!!!",nan,https://www.youtube.com/watch?v=stng_1gxnGI,7,0,0,0,0,commento
yt_comm_Ugz-mhE0ruS8AVZ3Tp14AaABAg,2025-05-25T14:53:55.036919+00:00,@nicolacheccacci3769,,YouTube,2025-05-25T00:47:42+00:00,,Finalmente Albon,nan,https://www.youtube.com/watch?v=stng_1gxnGI,0,0,0,0,0,commento
yt_comm_Ugz4pQyIdBCBHTFFKRV4AaABAg,2025-05-25T14:53:55.036919+00:00,@valeriomarini3681,,YouTube,2025-05-24T22:45:56+00:00,,Quello sotto come si chiama,nan,https://www.youtube.com/watch?v=stng_1gxnGI,0,0,0,0,0,commento
yt_comm_UgxqnFymL00JzZQ4fDp4AaABAg,2025-05-25T14:53:55.036919+00:00,@itzpeter3207,,YouTube,2025-05-24T21:59:03+00:00,,"stavate andando cosi bene, poi 2 minuti per riassumere delle qualifiche spettacolari... quelle sul canale di F1 sono di 7 minuti, tanto vale che le guardo in inglese ma sono complete almeno",nan,https://www.youtube.com/watch?v=stng_1gxnGI,2,0,0,0,0,commento
yt_comm_UgwfNUIrVLD8dGquRvZ4AaABAg,2025-05-25T14:53:55.036919+00:00,@vikingo2794,,YouTube,2025-05-24T21:53:42+00:00,,"Ma come, non √® pi√π forte Piastri?",nan,https://www.youtube.com/watch?v=stng_1gxnGI,0,2,0,0,0,commento
yt_comm_UgxGcBlE2wdM1poHw3Z4AaABAg,2025-05-25T14:53:55.036919+00:00,@claudiotoscano6558,,YouTube,2025-05-24T20:53:05+00:00,,Penso che piastri sia pi√π forte di norris,nan,https://www.youtube.com/watch?v=stng_1gxnGI,0,0,0,0,0,commento
yt_comm_UgzwOOvuc1i1lj6xU2p4AaABAg,2025-05-25T14:53:55.036919+00:00,@Michele71,,YouTube,2025-05-24T20:40:14+00:00,,Quante O ci sono in pole positivo? üòäüòÇ,"üòä,üòÇ",https://www.youtube.com/watch?v=stng_1gxnGI,0,0,0,0,0,commento
yt_comm_UgyJu4dAT0kd8c0CraZ4AaABAg,2025-05-25T14:53:55.036919+00:00,@giuseppemalaguti435,,YouTube,2025-05-24T20:18:24+00:00,,"Bravo Leclerc....battere una McLaren e' una grande prestazione....eppoi,lo ridico... Hamilton ha 3/4 decimi sul giro veloce di base da Leclerc solo per l'et√†... perch√© lhanno preso?",nan,https://www.youtube.com/watch?v=stng_1gxnGI,1,0,0,0,0,commento
yt_comm_Ugx9Kkk6d2rCQKtx6c14AaABAg,2025-05-25T14:53:55.036919+00:00,@laurab.9735,,YouTube,2025-05-24T20:14:42+00:00,,Forza Leclerc,nan,https://www.youtube.com/watch?v=stng_1gxnGI,0,0,0,0,0,commento
yt_comm_UgymVGo5iaOwyFpq7FR4AaABAg,2025-05-25T14:53:55.036919+00:00,@PaoloGinopaoli,,YouTube,2025-05-24T19:38:39+00:00,,"Due considerazioni:1. Antonelli uno dei piloti piu sopravvalutati di sempre,scarso molto scarso, grazie pap√† 2. Date in mano una McLaren a Leclerc e ogni GP da un giro a tutti dalla 3 posizione in su",nan,https://www.youtube.com/watch?v=stng_1gxnGI,0,0,0,0,0,commento
yt_comm_UgyRN1Stl7vue1pWDk94AaABAg,2025-05-25T14:53:55.036919+00:00,@davideloi9176,,YouTube,2025-05-24T18:36:23+00:00,,"Abbiate piu rispetto per Norris, dilettanti. Chiedetevi cosa stareste dicendo se la pole l'avesse fatta Piastri: ""Oh, √® cosi freddo, cosi glaciale. Nei momenti clou lui c'√® sempre. Brutta batosta per Norris"" e bla bla bla. Fa la pole Norris e tutto quello che sapete dire √®: ""ha fatto il suo"". A Monaco??? Dove per fare la pole devi fare il pelo ai muri e ai guard rail?? Vergognatevi per come lo state trattando, anche nelle interviste. E tutto questo lo dico da tifoso di Leclerc e della Ferrari. Poich√© Leclerc quest'anno il titolo se lo sogna, per via della macchina, io spero che il campionato piloti lo vinca Norris, cosi da zittirvi tutti almeno per un po'.",nan,https://www.youtube.com/watch?v=stng_1gxnGI,12,4,0,0,0,commento
yt_comm_UgxvxZi6NA3NZFnTukx4AaABAg,2025-05-25T14:53:55.036919+00:00,@LandoloneNorris,,YouTube,2025-05-24T18:22:04+00:00,,"Leclerc il solito fenomeno, lui e Verstappen sono i Marquez, Quartararo e Acosta della motogp, al di l√† delle simpatie/antipatie sono quelli che tengono su questi sport e ci fanno emozionare. Ma oggi merita una menzione d'onore Super Landolone Norris, che in un circuito dove conta il vero manico e meno la monoposto ha rifilato 2 decimi al bamboccio Lady Oscar, che da un anno e mezzo viene favorito dalla Mclaren ma tra ieri e oggi si √® visto il suo valore: √® andato contro il muro almeno 4 volte e ha preso paga da Lando in tutte le sessioni ‚ù§",‚ù§,https://www.youtube.com/watch?v=stng_1gxnGI,4,0,0,0,0,commento
yt_comm_UgwzCWaBQpw071IxSFB4AaABAg,2025-05-25T14:53:55.036919+00:00,@Paolo91177,,YouTube,2025-05-24T18:15:37+00:00,,"Non papaia McLaren ,non papaia McLaren,non papaia, McLaren,non Kimi Andrea,non Kimi Andrea....voi commentatori ogni tanto siete patetici",nan,https://www.youtube.com/watch?v=stng_1gxnGI,0,0,0,0,0,commento
yt_comm_Ugz15xhIY3IIgzhvW4x4AaABAg,2025-05-25T14:53:55.036919+00:00,@Fabrizio.lo.vecchia.25,,YouTube,2025-05-24T17:42:43+00:00,,Finalmente grande Ferrari anche se il merito √® piu dei piloti speriamo nella vittoria di Leclerc no di Hamilton perch√© e stato penalizzato comunque complimenti a Norris,nan,https://www.youtube.com/watch?v=stng_1gxnGI,0,0,0,0,0,commento
yt_comm_Ugxbe9eTNmY-u4lZYP14AaABAg,2025-05-25T14:53:55.036919+00:00,@bruhnoob-m5v,,YouTube,2025-05-24T17:41:48+00:00,,Ringraziamo quei bimbi speciali della fia che sono ubriachi e hanno penalizzato hamilton di 3 posizioniamo,nan,https://www.youtube.com/watch?v=stng_1gxnGI,10,0,0,0,0,commento
yt_comm_UgwXcSoJSuftDXzvJp54AaABAg,2025-05-25T14:53:55.036919+00:00,@big6951,,YouTube,2025-05-24T17:31:35+00:00,,ANCORA 1 VOLTA VISTO GLI HIGHLIGHTS IN MODALITA' MUTE PER NON SENTIRE STO'.........DI TELECRONISTA......,nan,https://www.youtube.com/watch?v=stng_1gxnGI,9,0,0,0,0,commento
yt_comm_UgwLrIJvyM1hMzxoQXh4AaABAg,2025-05-25T14:53:55.036919+00:00,@davideloi9176,,YouTube,2025-05-24T17:16:19+00:00,,"Ma spiegare a Gene che non si pronuncia 'Beerman' ci vuole molto? O quanto meno chiedete a Oliver ""ehi, come si pronuncia il tuo cognome?"" e poi, sia per rispetto che per professionalit√†, lo pronunciate tutti correttamente. Non √® possibile che in studio non vi mettiate neanche d'accordo su come pronunciarlo. Boh",nan,https://www.youtube.com/watch?v=stng_1gxnGI,7,0,0,0,0,commento
yt_comm_Ugxa-oLIksUwBWpF2H94AaABAg,2025-05-25T14:57:17.261370+00:00,@Hotstepper2569,,YouTube,2025-05-25T14:56:16+00:00,,The most boring race of all time.,nan,https://www.youtube.com/watch?v=ahGzQDnzW0I,0,0,0,0,0,commento
yt_comm_Ugy8HmgpMLzJCcewqkx4AaABAg,2025-05-25T14:57:17.261370+00:00,@dod_the_angel,,YouTube,2025-05-25T14:55:17+00:00,,Fornaroli almost smashed into the medical car on pit exit üíÄ,üíÄ,https://www.youtube.com/watch?v=ahGzQDnzW0I,0,0,0,0,0,commento
yt_comm_UgzLs1JR7JfFCfvJDNN4AaABAg,2025-05-25T14:57:17.261370+00:00,@clarageense4105,,YouTube,2025-05-25T14:54:51+00:00,,Donnez une vrai voiture √† Hadjar,nan,https://www.youtube.com/watch?v=HEqMg7IAzM0,1,0,0,0,0,commento
yt_comm_Ugx91D8IjzVw09vDaC94AaABAg,2025-05-25T14:57:17.261370+00:00,@LillianCarey-lc,,YouTube,2025-05-25T14:55:48+00:00,,Nikola won by more than 7 sec. 'even after all the yellows and the safety car. Just dominated this weekend . ..,nan,https://www.youtube.com/watch?v=4nJ-2BdWN8w,1,0,0,0,0,commento
yt_comm_UgwflVdRxeE4k7Rb4zB4AaABAg,2025-05-25T15:00:31.023488+00:00,@Miendos,,YouTube,2025-05-25T14:51:15+00:00,,Questo cirucito non ha alcun senso da 50 anni,nan,https://www.youtube.com/watch?v=ucdQHwl9gfM,1,0,0,0,0,commento
yt_comm_UgyBPykI7yMN3b4RYqh4AaABAg,2025-05-25T15:00:31.023488+00:00,@giul44ianodriver39,,YouTube,2025-05-25T14:49:58+00:00,,Volont√†,nan,https://www.youtube.com/watch?v=ucdQHwl9gfM,0,0,0,0,0,commento
yt_comm_UgwPytX0EdWztmDNBH94AaABAg,2025-05-25T15:00:31.023488+00:00,@giuseppejunioraran,,YouTube,2025-05-25T14:48:50+00:00,,"Che gara Leclerc, anche il 2¬∞ posto va benissimo cos√¨",nan,https://www.youtube.com/watch?v=ucdQHwl9gfM,5,0,0,0,0,commento
yt_comm_Ugw03jtmzeQGJDIIhGp4AaABAg,2025-05-25T15:00:31.023488+00:00,@riteshpathak6588,,YouTube,2025-05-25T14:57:11+00:00,,lol monsco worst race track ever.... car so big to overtake now,nan,https://www.youtube.com/watch?v=ahGzQDnzW0I,0,0,0,0,0,commento
yt_comm_Ugxn3xCXADmymEHmX214AaABAg,2025-05-25T15:00:31.023488+00:00,@sank241085,,YouTube,2025-05-25T14:56:49+00:00,,More fun in this 15 minutes of race than 78 laps of f1. Move monaco out of f1,nan,https://www.youtube.com/watch?v=ahGzQDnzW0I,0,0,0,0,0,commento
yt_comm_UgzO0NYIGOiEaVT7PHZ4AaABAg,2025-05-25T15:00:31.023488+00:00,@FrcNeru,,YouTube,2025-05-25T14:56:34+00:00,,what a joke of a race and circuit,nan,https://www.youtube.com/watch?v=ahGzQDnzW0I,0,0,0,0,0,commento
yt_comm_UgwFaE_e7c-e2pM6-GR4AaABAg,2025-05-25T15:00:31.023488+00:00,@christiancorreia2277,,YouTube,2025-05-25T15:00:03+00:00,,"C√Çmara, not Cam√°ra. Isn't that difficult .",nan,https://www.youtube.com/watch?v=4nJ-2BdWN8w,0,0,0,0,0,commento
yt_comm_UgzTCpEsx0Zc09xptRd4AaABAg,2025-05-25T15:00:31.023488+00:00,@pooky2626,,YouTube,2025-05-25T14:59:19+00:00,,watch in 1.5 speed...much better,nan,https://www.youtube.com/watch?v=4nJ-2BdWN8w,0,0,0,0,0,commento
yt_comm_UgxXVi2YaGs356tqDI94AaABAg,2025-05-25T15:03:46.272053+00:00,@JibJab-d8q,,YouTube,2025-05-25T15:02:22+00:00,,"finally, an exciting monaco race",nan,https://www.youtube.com/watch?v=ahGzQDnzW0I,0,0,0,0,0,commento
yt_comm_Ugy0g3E33kxanxqUXRZ4AaABAg,2025-05-25T15:03:46.272053+00:00,@sigurdntjostheim,,YouTube,2025-05-25T15:00:56+00:00,,Martins never gets a breaküòûüòû,üòû,https://www.youtube.com/watch?v=ahGzQDnzW0I,0,0,0,0,0,commento
yt_comm_UgzVfQr_QuvzugYLMrF4AaABAg,2025-05-25T15:03:46.272053+00:00,@kochj0713,,YouTube,2025-05-25T15:02:33+00:00,,The racers seemed to enjoy Monaco much more than the fans at least when they‚Äôre on the podium,nan,https://www.youtube.com/watch?v=HEqMg7IAzM0,1,0,0,0,0,commento
yt_comm_Ugz7PKHYIuhWqjM84LB4AaABAg,2025-05-25T15:03:46.272053+00:00,@ModeeshaPanagoda,,YouTube,2025-05-25T10:59:55+00:00,,Imagine F1 with 30 cars in Monaco,nan,https://www.youtube.com/watch?v=DX0ZS0SBUiI,0,0,0,0,0,commento
yt_comm_Ugy46PPkI97LbFKUpUF4AaABAg,2025-05-25T15:03:46.272053+00:00,@moishe3591,,YouTube,2025-05-25T10:49:40+00:00,,Voisin is driving bumper car style üòÇ,üòÇ,https://www.youtube.com/watch?v=DX0ZS0SBUiI,0,0,0,0,0,commento
yt_comm_UgwwM4Kp7tsqWb-brfl4AaABAg,2025-05-25T15:03:46.272053+00:00,@dlerman66,,YouTube,2025-05-25T09:31:14+00:00,,"Monaco is legacy, but there's no point to races here.. Quali is the race, that's it",nan,https://www.youtube.com/watch?v=DX0ZS0SBUiI,0,0,0,0,0,commento
yt_comm_UgwcqnGucaWif-0BpL54AaABAg,2025-05-25T15:03:46.272053+00:00,@samikamppi8279,,YouTube,2025-05-25T06:56:12+00:00,,Hyv√§ Tukka üá´üáÆ Seuraavaksi Voitto!!!,üá´üáÆ,https://www.youtube.com/watch?v=DX0ZS0SBUiI,0,0,0,0,0,commento
yt_comm_UgySTBMabBV9Jj0ztv94AaABAg,2025-05-25T15:03:46.272053+00:00,@gringostarr69,,YouTube,2025-05-25T06:06:46+00:00,,Come on Tuukka. That's the way to do it!!,nan,https://www.youtube.com/watch?v=DX0ZS0SBUiI,1,0,0,0,0,commento
yt_comm_UgwNtGhgMsIkHQFUYgB4AaABAg,2025-05-25T15:03:46.272053+00:00,@Thomas-yz7lv,,YouTube,2025-05-25T04:05:36+00:00,,Great race,nan,https://www.youtube.com/watch?v=DX0ZS0SBUiI,0,0,0,0,0,commento
yt_comm_Ugz7V9W0idUPgXwChUV4AaABAg,2025-05-25T15:03:46.272053+00:00,@Stacey-c7u,,YouTube,2025-05-25T03:38:18+00:00,,"It makes sense why I fell in love with Formula 1 after seeing the Monaco Grand Prix some decades ago. On the lovely street track, cars could actually fit and compete with one another.",nan,https://www.youtube.com/watch?v=DX0ZS0SBUiI,139,0,0,0,0,commento
yt_comm_UgxZAvumqRE8aQbPlr14AaABAg,2025-05-25T15:03:46.272053+00:00,@thedondeluxe6941,,YouTube,2025-05-25T03:03:12+00:00,,"That's not at all how you pronounce Stenshorne, but yay, go local kid!ü•≥",ü•≥,https://www.youtube.com/watch?v=DX0ZS0SBUiI,0,0,0,0,0,commento
yt_comm_UgzZx8XnDdVmlVtIF_Z4AaABAg,2025-05-25T15:03:46.272053+00:00,@KillianConanMiller,,YouTube,2025-05-25T02:00:05+00:00,,I can't believe there are 30 formula cars in Monaco.,nan,https://www.youtube.com/watch?v=DX0ZS0SBUiI,0,0,0,0,0,commento
yt_comm_Ugy4OYmaikY5w-QcRDp4AaABAg,2025-05-25T15:03:46.272053+00:00,@grantjohns,,YouTube,2025-05-24T23:52:47+00:00,,Great drive from Sharp!,nan,https://www.youtube.com/watch?v=DX0ZS0SBUiI,0,0,0,0,0,commento
yt_comm_UgwvhNEwLIZudk8N-EB4AaABAg,2025-05-25T15:03:46.272053+00:00,@andreasandremyrvold,,YouTube,2025-05-24T23:21:58+00:00,,"Stenshorne with the rockhard horns, ""the musk ox""",nan,https://www.youtube.com/watch?v=DX0ZS0SBUiI,0,0,0,0,0,commento
yt_comm_UgywsoAFhVwF77Pmh_B4AaABAg,2025-05-25T15:03:46.272053+00:00,@coltith7356,,YouTube,2025-05-24T21:37:36+00:00,,"I like that half the grid didn't even try to make turn 1, they were 30m away from the apex, no incident ahead, and you see them just turning wherever they want. Didn't know it was make-your-own-layout-day today but that's a cool addition",nan,https://www.youtube.com/watch?v=DX0ZS0SBUiI,0,0,0,0,0,commento
yt_comm_UgzEbULmHz1qSRO2gBN4AaABAg,2025-05-25T15:03:46.272053+00:00,@andreaswiesheu2240,,YouTube,2025-05-24T21:22:27+00:00,,"the F3 cars fit perfect for monaco - maybe give them the F1 drivers for that one race, that would be fun.",nan,https://www.youtube.com/watch?v=DX0ZS0SBUiI,0,0,0,0,0,commento
yt_comm_Ugy4pT130Jryv0tPabJ4AaABAg,2025-05-25T15:03:46.272053+00:00,@LinharesDosSantos,,YouTube,2025-05-24T20:28:14+00:00,,VOISIN me lembrou o grande NISSANY quem acompanha F2 e F3 sabe,nan,https://www.youtube.com/watch?v=DX0ZS0SBUiI,0,0,0,0,0,commento
yt_comm_Ugzyx2CBuQceOzrtufV4AaABAg,2025-05-25T15:03:46.272053+00:00,@crixdog32,,YouTube,2025-05-24T20:12:32+00:00,,William Oakes must be celebrating Hitech's victory in his cell. üòÅüòÅ,üòÅ,https://www.youtube.com/watch?v=DX0ZS0SBUiI,0,0,0,0,0,commento
yt_comm_Ugyuq-cThpKajz2Zdyt4AaABAg,2025-05-25T15:03:46.272053+00:00,@SoulAwakening-hd,,YouTube,2025-05-24T18:45:15+00:00,,Thank you for the bright emotions! Your videos are always so inspiring! üíùüê±,"üíù,üê±",https://www.youtube.com/watch?v=DX0ZS0SBUiI,0,0,0,0,0,commento
yt_comm_UgxLbjdsrBcgh-7xT9F4AaABAg,2025-05-25T15:03:46.272053+00:00,@CalixtoErico,,YouTube,2025-05-24T18:35:46+00:00,,F3 has the right cars for Monaco.,nan,https://www.youtube.com/watch?v=DX0ZS0SBUiI,0,0,0,0,0,commento
yt_comm_UgzYRPVf7BK58MQC2CR4AaABAg,2025-05-25T15:03:46.272053+00:00,@Evana-o7z,,YouTube,2025-05-24T18:11:37+00:00,,"It makes sense why I fell in love with Formula 1 after seeing the Monaco Grand Prix some decades ago. On the lovely street track, cars could actually fit and compete with one another.",nan,https://www.youtube.com/watch?v=DX0ZS0SBUiI,144,1,0,0,0,commento
yt_comm_UgxUA6XT6FItpnjnWhZ4AaABAg,2025-05-25T15:03:46.272053+00:00,@LenoraFlynn,,YouTube,2025-05-24T17:48:58+00:00,,Can we have F1 drivers drive smaller F3 cars at Monaco every year instead of the boats they usually drive?,nan,https://www.youtube.com/watch?v=DX0ZS0SBUiI,141,0,0,0,0,commento
yt_comm_UgzdZC8bKT-kUL-kWZB4AaABAg,2025-05-25T15:03:46.272053+00:00,@uw0k,,YouTube,2025-05-24T16:57:58+00:00,,"It‚Äôs not Sten-shorne as in the english word ‚Äòshore‚Äô, but Stens-hor-ne.",nan,https://www.youtube.com/watch?v=DX0ZS0SBUiI,1,0,0,0,0,commento
yt_comm_UgwimeRlmdnhZpJJjft4AaABAg,2025-05-25T15:03:46.272053+00:00,@tettoproject,,YouTube,2025-05-25T14:58:21+00:00,,Monaco is the most stupid Grand Prix thats not F1 circuit its just idiotical,nan,https://www.youtube.com/watch?v=XoOIk9qlJ4I,0,0,0,0,0,commento
yt_comm_Ugxmk58neIOCYI6Nidl4AaABAg,2025-05-25T15:03:46.272053+00:00,@Whatsamattau2,,YouTube,2025-05-25T14:29:26+00:00,,Boring‚Ä¶,nan,https://www.youtube.com/watch?v=6HieVkEOiCA,0,0,0,0,0,commento
yt_comm_Ugxi9reUKrxbkgB35nh4AaABAg,2025-05-25T15:03:46.272053+00:00,@bapisaha205,,YouTube,2025-05-25T13:52:38+00:00,,‚ù§üáÆüá≥ greatüëèüëçüéâ,"‚ù§,üëè,üáÆüá≥,üëç,üéâ",https://www.youtube.com/watch?v=6HieVkEOiCA,0,0,0,0,0,commento
yt_comm_Ugyz7_7elK0vvE9jCJB4AaABAg,2025-05-25T15:03:46.272053+00:00,@BCSshortsOfficial,,YouTube,2025-05-25T13:02:22+00:00,,‚ù§üáÆüá≥,"‚ù§,üáÆüá≥",https://www.youtube.com/watch?v=6HieVkEOiCA,0,0,0,0,0,commento
yt_comm_UgxkzlhljdLNoRdlyAp4AaABAg,2025-05-25T15:03:46.272053+00:00,@RunalMokal,,YouTube,2025-05-25T12:47:59+00:00,,Who want's kush maini in F1 üáÆüá≥üáÆüá≥ üëáüëá,"üáÆüá≥,üëá",https://www.youtube.com/watch?v=6HieVkEOiCA,2,0,0,0,0,commento
yt_comm_UgyfzLDZcAj9n3IHNHd4AaABAg,2025-05-25T15:03:46.272053+00:00,@siddharthnayak1993,,YouTube,2025-05-25T12:20:25+00:00,,What a win for Mainiüí™...it's a historic day for IndiaüáÆüá≥ and for an Indian driver to get a win in such a global platform üëè,"üí™,üáÆüá≥,üëè",https://www.youtube.com/watch?v=6HieVkEOiCA,2,0,0,0,0,commento
yt_comm_Ugy4lZwD_6BVIZS6LYh4AaABAg,2025-05-25T15:03:46.272053+00:00,@anythingyouwant3361,,YouTube,2025-05-25T12:12:43+00:00,,"Let's gooo,üéâüáÆüá≥","üéâ,üáÆüá≥",https://www.youtube.com/watch?v=6HieVkEOiCA,1,0,0,0,0,commento
yt_comm_Ugzzohul16FDzahFCrV4AaABAg,2025-05-25T15:03:46.272053+00:00,@Teeeeeeeeee46,,YouTube,2025-05-25T11:46:42+00:00,,When are they going to do Canada?,nan,https://www.youtube.com/watch?v=6HieVkEOiCA,0,0,0,0,0,commento
yt_comm_Ugw70wTAjLHdFqVTlRp4AaABAg,2025-05-25T15:03:46.272053+00:00,@CarKiller92,,YouTube,2025-05-25T11:41:26+00:00,,race on a track where overtaking is impossible -> penalize any attempts at overtaking -> profit?,nan,https://www.youtube.com/watch?v=6HieVkEOiCA,0,0,0,0,0,commento
yt_comm_Ugw73icYF3zemueoFBx4AaABAg,2025-05-25T15:03:46.272053+00:00,@AstanAstivaOffical,,YouTube,2025-05-25T11:40:48+00:00,,That pink alpine livery looks amazing. Anyone else think that should be the main f1 teams livery,nan,https://www.youtube.com/watch?v=6HieVkEOiCA,0,0,0,0,0,commento
yt_comm_UgzgTCbRW7XIbXAdiJp4AaABAg,2025-05-25T15:03:46.272053+00:00,@AstanAstivaOffical,,YouTube,2025-05-25T11:40:04+00:00,,"At the start of the year, i thought Maini fell off since he wasn't top ten in any of the races, but now im happy to see him back on the podium. I think he needed some time to adjust to his new team.",nan,https://www.youtube.com/watch?v=6HieVkEOiCA,2,0,0,0,0,commento
yt_comm_UgzZoUaxJSBSvy1F4nB4AaABAg,2025-05-25T15:03:46.272053+00:00,@BreakawayB,,YouTube,2025-05-25T11:37:46+00:00,,Big brain strategy from Linblaad,nan,https://www.youtube.com/watch?v=6HieVkEOiCA,1,0,0,0,0,commento
yt_comm_UgyD7aEaeRBwNKR_PZB4AaABAg,2025-05-25T15:03:46.272053+00:00,@ashwinsamant5994,,YouTube,2025-05-25T11:08:03+00:00,,üáÆüá≥üáÆüá≥üáÆüá≥üáÆüá≥,üáÆüá≥,https://www.youtube.com/watch?v=6HieVkEOiCA,0,0,0,0,0,commento
yt_comm_Ugx5MFHJWe4u6UAgnux4AaABAg,2025-05-25T15:03:46.272053+00:00,@enemycoot2347,,YouTube,2025-05-25T11:05:09+00:00,,Moving of the weekend: destroying someones race,nan,https://www.youtube.com/watch?v=6HieVkEOiCA,0,0,0,0,0,commento
yt_comm_Ugw6RAPFxrQIRt-7nst4AaABAg,2025-05-25T15:03:46.272053+00:00,@MightyCoffeeMaker,,YouTube,2025-05-25T11:01:37+00:00,,"ALORS‚Ä¶. Je sais pas pour la F1, mais en F2‚Ä¶",nan,https://www.youtube.com/watch?v=6HieVkEOiCA,0,0,0,0,0,commento
yt_comm_UgyRKlVLM0s7nqII_qJ4AaABAg,2025-05-25T15:03:46.272053+00:00,@theswapneelswing,,YouTube,2025-05-25T11:00:50+00:00,,"Well done, Kush!!! üáÆüá≥üáÆüá≥üáÆüá≥ F2 in Monaco always shows that action is possible for F1 in Monaco too, if only the cars were a little bit smaller!",üáÆüá≥,https://www.youtube.com/watch?v=6HieVkEOiCA,13,0,0,0,0,commento
yt_comm_UgwErrjmdoUQY-qOJzJ4AaABAg,2025-05-25T15:03:46.272053+00:00,@sujumullool,,YouTube,2025-05-25T10:53:29+00:00,,üáÆüá≥üí™üíû INDIA,"üíû,üí™,üáÆüá≥",https://www.youtube.com/watch?v=6HieVkEOiCA,1,0,0,0,0,commento
yt_comm_Ugz_z3Oi0XaR-5lm68d4AaABAg,2025-05-25T15:03:46.272053+00:00,@SmokeyNagata197,,YouTube,2025-05-25T10:41:45+00:00,,"Overtaking here is ridiculous, you can't overtake without crashing or pushing someone out, what a joke this Monaco GP become, cars are no longer suitable to race here Monaco should be gone, Quali is the only exciting thing.",nan,https://www.youtube.com/watch?v=6HieVkEOiCA,0,0,0,0,0,commento
yt_comm_UgykVztP3HidMbcQ3xZ4AaABAg,2025-05-25T15:03:46.272053+00:00,@SLicKoxx,,YouTube,2025-05-25T10:40:33+00:00,,Way to go Maini üáÆüá≥,üáÆüá≥,https://www.youtube.com/watch?v=6HieVkEOiCA,0,0,0,0,0,commento
yt_comm_Ugx8z-3fVP5QB_D-YVl4AaABAg,2025-05-25T15:03:46.272053+00:00,@procatprocat9647,,YouTube,2025-05-25T10:39:36+00:00,,Monaco is the problem here. Its too small even for F2 cars. Monaco is a joke. Bin the sunday race!,nan,https://www.youtube.com/watch?v=6HieVkEOiCA,0,0,0,0,0,commento
yt_comm_Ugw8VGp5cSp_r58AZ-R4AaABAg,2025-05-25T15:03:46.272053+00:00,@charlesanthonyhoffmann1142,,YouTube,2025-05-25T10:26:03+00:00,,"Legal, lugar de gente rica e tal, mas a corrida √© ima bosta.",nan,https://www.youtube.com/watch?v=6HieVkEOiCA,0,0,0,0,0,commento
yt_comm_UgxEvUJPDyNhXMii3294AaABAg,2025-05-25T15:07:11.441146+00:00,@adam.s007,,YouTube,2025-05-25T15:02:18+00:00,,How accurate are the ghost's racing line from this? Is it edited in by the editor or is it from real data using GPS etc?,nan,https://www.youtube.com/watch?v=dUcbbUKWpxA,0,0,0,0,0,commento
yt_comm_UgxhH669AAC_gdprGzR4AaABAg,2025-05-25T15:10:27.129549+00:00,@nettocelins,,YouTube,2025-05-25T15:06:56+00:00,,Have two stop?,nan,https://www.youtube.com/watch?v=ahGzQDnzW0I,0,0,0,0,0,commento
yt_comm_UgyH-89QJdgqr4c55YF4AaABAg,2025-05-25T15:10:27.129549+00:00,@Masterbaiter1000,,YouTube,2025-05-25T15:05:49+00:00,,He threw the race,nan,https://www.youtube.com/watch?v=ahGzQDnzW0I,0,0,0,0,0,commento
yt_comm_Ugw9-8FoRHugoit0gVF4AaABAg,2025-05-25T15:10:27.129549+00:00,@chimchim2_,,YouTube,2025-05-25T15:04:59+00:00,,Half the field are gone üòÇ,üòÇ,https://www.youtube.com/watch?v=ahGzQDnzW0I,0,0,0,0,0,commento
yt_comm_UgzIhf66-du55TzIE114AaABAg,2025-05-25T15:10:27.129549+00:00,@evairmarquesmarques9078,,YouTube,2025-05-25T15:04:23+00:00,,"Essa chicana deveria ser retirada, i tornar ponto de ultrapassagens!!!",nan,https://www.youtube.com/watch?v=ahGzQDnzW0I,0,0,0,0,0,commento
yt_comm_Ugzta_y7uLdUbKHf25l4AaABAg,2025-05-25T15:10:27.129549+00:00,@aabidamn,,YouTube,2025-05-25T15:10:00+00:00,,"I flinched at first, thinking they were going to crash.",nan,https://www.youtube.com/watch?v=dUcbbUKWpxA,0,0,0,0,0,commento
yt_comm_UgzLqDBIFG_g0CKIwfR4AaABAg,2025-05-25T15:16:15.945631+00:00,@giumix22,,YouTube,2025-05-25T15:07:21+00:00,,Fategli le corse di bici in sta pistaüòÇüò¥,"üòÇ,üò¥",https://www.youtube.com/watch?v=ucdQHwl9gfM,1,0,0,0,0,commento
yt_comm_Ugw6MJ_93TXFH8pIa-Z4AaABAg,2025-05-25T15:16:15.945631+00:00,@jbsmarklinmodellbahn1728,,YouTube,2025-05-25T15:14:56+00:00,,Monaco is a course for Mario Cart but not a real race track.,nan,https://www.youtube.com/watch?v=ahGzQDnzW0I,0,0,0,0,0,commento
yt_comm_Ugyybth2yFppYNZlLz54AaABAg,2025-05-25T15:16:15.945631+00:00,@Chatisthisrealquestionmark,,YouTube,2025-05-25T15:13:25+00:00,,i never watch F2. i am glad i watch this race. xD,nan,https://www.youtube.com/watch?v=ahGzQDnzW0I,0,0,0,0,0,commento
yt_comm_UgxHa5QjAgZCCXQljvh4AaABAg,2025-05-25T15:16:15.945631+00:00,@SafakYokolma,,YouTube,2025-05-25T15:14:12+00:00,,"As a Max fan I do this for Lando: üëèüëèüëèüëè. Yes, he has the fastest car, but still, you have to do it. I have heard that he has stopped with social media‚Ä¶see the difference: he‚Äôs more focused. Well done Lando üëç","üëè,üëç",https://www.youtube.com/watch?v=4nJ-2BdWN8w,0,0,0,0,0,commento
yt_comm_UgzQwoJm3bm-GsZ47Ll4AaABAg,2025-05-25T15:20:04.488242+00:00,@Della.Chambers,,YouTube,2025-05-25T15:19:23+00:00,,My life expectancy has been shortened by 'several years as a result of watching and supporting Dunne this year . ..,nan,https://www.youtube.com/watch?v=ahGzQDnzW0I,0,0,0,0,0,commento
yt_comm_Ugxl3RkjUepdHjddfVl4AaABAg,2025-05-25T15:20:04.488242+00:00,@exaltedleopard,,YouTube,2025-05-25T15:18:08+00:00,,When Alonso tapped his breaks at normal time and a certain Russell crashed out of being an amateur Alonso got punished so why not this pink twit?,nan,https://www.youtube.com/watch?v=ahGzQDnzW0I,0,0,0,0,0,commento
yt_comm_UgzyxxAhgBuKq_rnZwx4AaABAg,2025-05-25T15:20:04.488242+00:00,@thedonsz9186,,YouTube,2025-05-25T15:16:34+00:00,,Great to see the Montoya name back on a racing podium,nan,https://www.youtube.com/watch?v=ahGzQDnzW0I,0,0,0,0,0,commento
yt_comm_UgxHOvHmhLdPpVFQDSN4AaABAg,2025-05-25T15:23:34.793303+00:00,@carletto_,,YouTube,2025-05-25T15:20:30+00:00,,In pratica con questo video abbiamo visto l'intero gp?,nan,https://www.youtube.com/watch?v=ucdQHwl9gfM,0,0,0,0,0,commento
yt_comm_UgwhA_kJDqCd4x-7n6R4AaABAg,2025-05-25T15:23:34.793303+00:00,@carl_estepa,,YouTube,2025-05-25T15:21:55+00:00,,the ending almost look like marlon stockinger's win :D,nan,https://www.youtube.com/watch?v=ahGzQDnzW0I,0,0,0,0,0,commento
yt_comm_Ugx3BdCUvcXt1IOfi1d4AaABAg,2025-05-25T15:23:34.793303+00:00,@docthomas8717,,YouTube,2025-05-25T15:20:13+00:00,,Congratulations on your win today lando,nan,https://www.youtube.com/watch?v=_5Lr6fDIZG8,0,0,0,0,0,commento
yt_comm_Ugw6J6PprPVLY2J3MNx4AaABAg,2025-05-25T15:26:56.299770+00:00,@stroggs,,YouTube,2025-05-25T15:26:02+00:00,,More like Alex Dumb,nan,https://www.youtube.com/watch?v=ahGzQDnzW0I,1,0,0,0,0,commento
yt_comm_UgxYx16wVDg5AA2Qu594AaABAg,2025-05-25T15:26:56.299770+00:00,@curlsalot91,,YouTube,2025-05-25T15:25:46+00:00,,"6:20 so this is the new caliber of men cheering for a racing win, contributing nothing but luck? disappointing",nan,https://www.youtube.com/watch?v=ahGzQDnzW0I,1,0,0,0,0,commento
yt_comm_UgzyP7VOHoA-3hAkJ-54AaABAg,2025-05-25T15:26:56.299770+00:00,@JEGlobalConcepts,,YouTube,2025-05-25T15:25:44+00:00,,Too many cars smh,nan,https://www.youtube.com/watch?v=ahGzQDnzW0I,0,0,0,0,0,commento
yt_comm_UgysMs3vKelRoZN9PnV4AaABAg,2025-05-25T15:30:16.552977+00:00,@Earlgray420,,YouTube,2025-05-25T15:27:29+00:00,,Always wondered how the pitlane/garages work for f2 in Monaco. Do they use the same pitlane but not the garages? Where do they store all the tyres for f2 pit stops if the f1 teams have the garage space etc,nan,https://www.youtube.com/watch?v=ahGzQDnzW0I,0,0,0,0,0,commento
yt_comm_UgwNXMEuOLZPTJyDBqR4AaABAg,2025-05-25T15:30:16.552977+00:00,@emiliogomez412,,YouTube,2025-05-25T15:27:10+00:00,,"Esa nave se maneja sola, un espect√°culo el McLaren. felicitaciones para Lando excelente piloto üí™",üí™,https://www.youtube.com/watch?v=_5Lr6fDIZG8,0,0,0,0,0,commento
yt_comm_UgyJJsiwzm2a6P7j7hZ4AaABAg,2025-05-25T15:33:36.660397+00:00,@googboog,,YouTube,2025-05-25T15:32:43+00:00,,Maini avoiding the carnage at the start was incredible,nan,https://www.youtube.com/watch?v=ahGzQDnzW0I,0,0,0,0,0,commento
yt_comm_UgxZGT89rbflxL_V0Ml4AaABAg,2025-05-25T15:33:36.660397+00:00,@PSYCHO-PASS-K,,YouTube,2025-05-25T15:31:41+00:00,,amateur,nan,https://www.youtube.com/watch?v=ahGzQDnzW0I,0,0,0,0,0,commento
yt_comm_Ugxwz97N_ZVmp5J5a6J4AaABAg,2025-05-25T15:33:36.660397+00:00,@SkadiPzyshkan,,YouTube,2025-05-25T15:33:07+00:00,,faster driver vs faster car,nan,https://www.youtube.com/watch?v=dUcbbUKWpxA,0,0,0,0,0,commento
yt_comm_UgxZ7gNU11Uttq9S0Bd4AaABAg,2025-05-25T15:33:36.660397+00:00,@gillb9222,,YouTube,2025-05-25T15:28:32+00:00,,I like Lewis but it does seem a bit rude to live in a country to avoid your taxes but make no effort to speak the language.,nan,https://www.youtube.com/watch?v=vfL91o3QDbw,0,0,0,0,0,commento
yt_comm_Ugy-fE0i01QwASASZN94AaABAg,2025-05-25T15:33:36.660397+00:00,@otyimutyimu,,YouTube,2025-05-25T15:23:02+00:00,,"Calling it part of the Triple Crown just makes the other two look better by comparison. Still, not bad as a pre-show for the Indy 500.",nan,https://www.youtube.com/watch?v=vfL91o3QDbw,1,0,0,0,0,commento
yt_comm_UgylrlVsUtPcoYNEEG14AaABAg,2025-05-25T15:33:36.660397+00:00,@Marcus1074,,YouTube,2025-05-25T15:14:17+00:00,,"Here is an idea for next year, add a RUNAWAY in turn 10 & 11 (with proper lines to avoid collisions) that all drivers can use 3 times during the race, just like what Russell end up doing to overtake Albon. Monaco is such a hard race to have overtakes, but if we create this shortcut, now every time you face a slow car in front, you can use this strategically, LIKE IT if you think the could work... it will be a lot more fun to watch the race and sort out who can still take it by the end of the race, of course the slower driver in front can make you lose time by blocking the runaway by braking, or the leader can use it when some is trying to undercut them in the pits.",nan,https://www.youtube.com/watch?v=vfL91o3QDbw,3,0,0,0,0,commento
yt_comm_Ugz5MwlP7mn5BBjOE1J4AaABAg,2025-05-25T15:33:36.660397+00:00,@camiloroa3182,,YouTube,2025-05-25T15:02:53+00:00,,"Too, too, too roo. Where‚Äôs Verstappen? üòÇ",üòÇ,https://www.youtube.com/watch?v=vfL91o3QDbw,0,0,0,0,0,commento
yt_comm_UgxTdSy4D-IDCQbDach4AaABAg,2025-05-25T15:33:36.660397+00:00,@allanmunken,,YouTube,2025-05-25T14:51:48+00:00,,C L is Such a Sweet Driver ;-),nan,https://www.youtube.com/watch?v=vfL91o3QDbw,0,1,0,0,0,commento
yt_comm_UgyTI3MQVMJoWaq_GyJ4AaABAg,2025-05-25T15:33:36.660397+00:00,@mattfgln,,YouTube,2025-05-25T14:50:45+00:00,,This track is trash. No overtakes,nan,https://www.youtube.com/watch?v=vfL91o3QDbw,0,0,0,0,0,commento
yt_comm_Ugx2hofSDv8tBybAXAh4AaABAg,2025-05-25T15:33:36.660397+00:00,@cavagna,,YouTube,2025-05-25T14:44:15+00:00,,There must be like 200 yachts at bay there! üòÆ,üòÆ,https://www.youtube.com/watch?v=vfL91o3QDbw,0,0,0,0,0,commento
yt_comm_UgycQ7NMOM1CZqLILw94AaABAg,2025-05-25T15:33:36.660397+00:00,@hamza-chaudhry,,YouTube,2025-05-25T14:20:05+00:00,,14:14,nan,https://www.youtube.com/watch?v=vfL91o3QDbw,0,0,0,0,0,commento
yt_comm_Ugzh31m63D8PZBKlP1d4AaABAg,2025-05-25T15:33:36.660397+00:00,@„Åè„Å£„Åç„Éº-d5t,,YouTube,2025-05-25T14:11:36+00:00,,Monaco gp will not be necessary from next year.,nan,https://www.youtube.com/watch?v=vfL91o3QDbw,0,0,0,0,0,commento
yt_comm_Ugzc-piHd3QZ9ajlhG94AaABAg,2025-05-25T15:33:36.660397+00:00,@duncanneo7407,,YouTube,2025-05-25T14:06:07+00:00,,Lecleerc üòÇ‚ù§,"üòÇ,‚ù§",https://www.youtube.com/watch?v=vfL91o3QDbw,3,0,0,0,0,commento
yt_comm_UgxLXkpHeB8gCJMZ2SB4AaABAg,2025-05-25T15:33:36.660397+00:00,@M.Allchin,,YouTube,2025-05-25T14:04:57+00:00,,This race is well boring üòû!,üòû,https://www.youtube.com/watch?v=vfL91o3QDbw,0,0,0,0,0,commento
yt_comm_UgzwtpqITor__NzsE0p4AaABAg,2025-05-25T15:33:36.660397+00:00,@diamantinoleite2065,,YouTube,2025-05-25T14:00:12+00:00,,Lercler parab√©ns,nan,https://www.youtube.com/watch?v=vfL91o3QDbw,0,0,0,0,0,commento
yt_comm_Ugz5lijUYS-AHRdBgMh4AaABAg,2025-05-25T15:33:36.660397+00:00,@elwalker9034,,YouTube,2025-05-25T13:57:28+00:00,,Ocon looks 1000x better hair grown out,nan,https://www.youtube.com/watch?v=vfL91o3QDbw,0,0,0,0,0,commento
yt_comm_UgwTd_L-4MrVQhVoJUl4AaABAg,2025-05-25T15:33:36.660397+00:00,@disapphire,,YouTube,2025-05-25T13:48:50+00:00,,11:43 that fan shouting ESTEBAN ESTEBAN needs their head checked üòÇ,üòÇ,https://www.youtube.com/watch?v=vfL91o3QDbw,0,0,0,0,0,commento
yt_comm_Ugyxolk4h_cy2qlnmaR4AaABAg,2025-05-25T15:33:36.660397+00:00,@NutsDriver,,YouTube,2025-05-25T13:10:51+00:00,,Where is the Lego(tm) Feature Race? üòÖ,üòÖ,https://www.youtube.com/watch?v=vfL91o3QDbw,0,0,0,0,0,commento
yt_comm_Ugx-WYm8SVvQ-PKgOHF4AaABAg,2025-05-25T15:33:36.660397+00:00,@GarrishChristopherRobin777,,YouTube,2025-05-25T13:09:04+00:00,,DURING LAP 37 THE WORLD AS WE KNOW IT ENDS: signed THE JUDEAN PEOPLE'S LIBERATION FRONT,nan,https://www.youtube.com/watch?v=vfL91o3QDbw,0,0,0,0,0,commento
yt_comm_UgzY3Mwg-cdhIStXaTB4AaABAg,2025-05-25T15:33:36.660397+00:00,@TANGOCHRISTO06,,YouTube,2025-05-25T13:05:01+00:00,,Jvoulais entendre un peu Stroll üò¢,üò¢,https://www.youtube.com/watch?v=vfL91o3QDbw,1,1,0,0,0,commento
yt_comm_Ugx84hsYawG9CJCEoTV4AaABAg,2025-05-25T15:33:36.660397+00:00,@reportesivieri5165,,YouTube,2025-05-25T12:56:05+00:00,,"√âxito a Colapinto, Que sume Puntos ser√≠a Un Exitazo",nan,https://www.youtube.com/watch?v=vfL91o3QDbw,0,0,0,0,0,commento
yt_comm_UgytL7xDmWmYbR_5l2x4AaABAg,2025-05-25T15:33:36.660397+00:00,@reportesivieri5165,,YouTube,2025-05-25T12:55:22+00:00,,Hermoso M√≥naco es un Circuito √önico,nan,https://www.youtube.com/watch?v=vfL91o3QDbw,0,0,0,0,0,commento
yt_comm_Ugzblm3PxCuyBhKbQAt4AaABAg,2025-05-25T15:33:36.660397+00:00,@chatABC4535,,YouTube,2025-05-25T12:41:37+00:00,,"ohh nice sky, booommmbooommüöóüöô","üöô,üöó",https://www.youtube.com/watch?v=vfL91o3QDbw,0,0,0,0,0,commento
yt_comm_UgxvcIgjA0h6Ms1Xiox4AaABAg,2025-05-25T15:37:02.796034+00:00,@chrisstopher2277,,YouTube,2025-05-25T15:36:19+00:00,,That pit lane looks scary.,nan,https://www.youtube.com/watch?v=ahGzQDnzW0I,0,0,0,0,0,commento
yt_comm_UgzjgilsrzBhzmqAp2F4AaABAg,2025-05-25T15:37:02.796034+00:00,@Uvp_13.sef1,,YouTube,2025-05-25T15:34:35+00:00,,Formula 2 Monaco is so much more interesting than F1 Monaco,nan,https://www.youtube.com/watch?v=ahGzQDnzW0I,0,0,0,0,0,commento
yt_comm_UgwmHV8OveAL0vLWS9Z4AaABAg,2025-05-25T15:40:59.292577+00:00,@YeungJacky00,,YouTube,2025-05-25T15:37:17+00:00,,Always Alex Done,nan,https://www.youtube.com/watch?v=ahGzQDnzW0I,0,0,0,0,0,commento
yt_comm_UgziwhoLol-Dv6nFv_t4AaABAg,2025-05-25T15:44:19.527681+00:00,@Zed-v5c,,YouTube,2025-05-25T15:43:41+00:00,,That is as a glorious pile up. Gotta have those now and again. ‚úäüèª,‚úäüèª,https://www.youtube.com/watch?v=LltDvEbLwTY,0,0,0,0,0,commento
yt_comm_Ugxs4Bs-3217BzmcStZ4AaABAg,2025-05-25T15:44:19.527681+00:00,@theman18091,,YouTube,2025-05-25T15:42:46+00:00,,"""Lost a couple of postions off the line"" dude let dropped like 8 places, that's way more than a couple",nan,https://www.youtube.com/watch?v=LltDvEbLwTY,0,0,0,0,0,commento
yt_comm_Ugx5tg-GNdVIy6AZHqZ4AaABAg,2025-05-25T15:44:19.527681+00:00,@jamesstiles-pj4xp,,YouTube,2025-05-25T15:42:06+00:00,,Identical to the Second round of 2011 World Grand Prix in Porta Corsa,nan,https://www.youtube.com/watch?v=LltDvEbLwTY,0,0,0,0,0,commento
yt_comm_UgzjzNiLqu-JB3LM85B4AaABAg,2025-05-25T15:44:19.527681+00:00,@Imma-Loot-Goblin,,YouTube,2025-05-25T15:41:30+00:00,,Here I thought this was a F1 academy clip. Too bad RPM would have had a field day with this,nan,https://www.youtube.com/watch?v=LltDvEbLwTY,1,0,0,0,0,commento
yt_comm_Ugy3TzX48bRM5f_GtY94AaABAg,2025-05-25T15:44:19.527681+00:00,@S1r_M4th3w,,YouTube,2025-05-25T15:40:52+00:00,,Hm‚Ä¶ reminds me of Spa 1998,nan,https://www.youtube.com/watch?v=LltDvEbLwTY,0,0,0,0,0,commento
yt_comm_UgyUrC_iq6Zj0BA560J4AaABAg,2025-05-25T15:44:19.527681+00:00,@gillb9222,,YouTube,2025-05-25T15:39:46+00:00,,That crash looks like the ones I just to have with my matchbox cars when I was a kid,nan,https://www.youtube.com/watch?v=LltDvEbLwTY,0,0,0,0,0,commento
yt_comm_Ugw79KGI4zcRmEeumzZ4AaABAg,2025-05-25T15:44:19.527681+00:00,@simonchurch.,,YouTube,2025-05-25T15:38:51+00:00,,F2 will never change lol,nan,https://www.youtube.com/watch?v=LltDvEbLwTY,0,0,0,0,0,commento
yt_comm_UgwqXx-Gg3IjTYRe_HN4AaABAg,2025-05-25T15:44:19.527681+00:00,@misfortune50,,YouTube,2025-05-25T15:37:58+00:00,,That was 100% on purpose,nan,https://www.youtube.com/watch?v=LltDvEbLwTY,1,0,0,0,0,commento
yt_comm_UgwbSit53J7ZuOIbMXB4AaABAg,2025-05-25T15:44:19.527681+00:00,@LeGnomeLMP,,YouTube,2025-05-25T15:37:33+00:00,,Monaco now identifies as Macau,nan,https://www.youtube.com/watch?v=LltDvEbLwTY,0,0,0,0,0,commento
yt_comm_UgxpxJk5OvvQpMuShn14AaABAg,2025-05-25T15:44:19.527681+00:00,@kevinroberts5216,,YouTube,2025-05-25T15:36:24+00:00,,lol I thought the thumbnail must have been photoshopped‚Ä¶,nan,https://www.youtube.com/watch?v=LltDvEbLwTY,0,0,0,0,0,commento
yt_comm_UgyOrnnyi5Ca33Gw2f54AaABAg,2025-05-25T15:44:19.527681+00:00,@DGARedRaven,,YouTube,2025-05-25T15:36:03+00:00,,How often dio we have to say it: NO HEROICS INTO SAINTE-DEVOTE!,nan,https://www.youtube.com/watch?v=LltDvEbLwTY,0,0,0,0,0,commento
yt_comm_UgwlwN2CZOqAPOvOu_J4AaABAg,2025-05-25T15:44:19.527681+00:00,@GodsMemeTV,,YouTube,2025-05-25T15:35:01+00:00,,muppet show,nan,https://www.youtube.com/watch?v=LltDvEbLwTY,1,0,0,0,0,commento
yt_comm_UgxKCmjtOEhOLz0Wvmh4AaABAg,2025-05-25T15:44:19.527681+00:00,@‰∫∫‰πÉÂ£∞Ê≠©Â§©,,YouTube,2025-05-25T15:33:45+00:00,,Do it on a wider course !! From Japan,nan,https://www.youtube.com/watch?v=LltDvEbLwTY,1,0,0,0,0,commento
yt_comm_Ugy6ZIwT_DlqrMlsJY14AaABAg,2025-05-25T15:44:19.527681+00:00,@JEGlobalConcepts,,YouTube,2025-05-25T15:33:25+00:00,,They need to reduce the amount of cars,nan,https://www.youtube.com/watch?v=LltDvEbLwTY,0,0,0,0,0,commento
yt_comm_UgxTkWMy6S1zhmEuEGF4AaABAg,2025-05-25T15:44:19.527681+00:00,@yarayaradaze,,YouTube,2025-05-25T15:32:33+00:00,,Another proof to have monaco deleted from the calendar,nan,https://www.youtube.com/watch?v=LltDvEbLwTY,1,1,0,0,0,commento
yt_comm_UgyF4cyUJ3v46qffo854AaABAg,2025-05-25T15:44:19.527681+00:00,@shmet,,YouTube,2025-05-25T15:32:07+00:00,,Deserves a race ban,nan,https://www.youtube.com/watch?v=LltDvEbLwTY,1,0,0,0,0,commento
yt_comm_Ugz-FZn2rGRT9Uwvpip4AaABAg,2025-05-25T15:44:19.527681+00:00,@dallisb1047,,YouTube,2025-05-25T15:30:39+00:00,,I dont like the attitude. Martins was nit completely ahead. I still say that the inside car has the corner.,nan,https://www.youtube.com/watch?v=LltDvEbLwTY,0,0,0,0,0,commento
yt_comm_UgxrfEekUBHXTGs34Eh4AaABAg,2025-05-25T15:44:19.527681+00:00,@late_at_night_music,,YouTube,2025-05-25T15:29:13+00:00,,Bufff,nan,https://www.youtube.com/watch?v=LltDvEbLwTY,0,0,0,0,0,commento
yt_comm_UgzEApirX7QtO51vxdJ4AaABAg,2025-05-25T15:44:19.527681+00:00,@rprprprprp-n9g,,YouTube,2025-05-25T15:28:53+00:00,,"""But I was on pole! It's my corner! Waaaaaah!"" - whoever the pole sitter was, he's not even important enough to learn his name.",nan,https://www.youtube.com/watch?v=LltDvEbLwTY,1,0,0,0,0,commento
yt_comm_UgzPCf20pKHu8di6rkN4AaABAg,2025-05-25T15:44:19.527681+00:00,@CokeAndFriesHalo,,YouTube,2025-05-25T15:28:09+00:00,,The only reason I clicked an F2 video,nan,https://www.youtube.com/watch?v=LltDvEbLwTY,1,0,0,0,0,commento
yt_comm_UgzjHU9QXE9ILWaVl9t4AaABAg,2025-05-25T15:44:19.527681+00:00,@suhdud4646,,YouTube,2025-05-25T15:42:59+00:00,,"Dunne, that was extremely selfish.",nan,https://www.youtube.com/watch?v=ahGzQDnzW0I,0,0,0,0,0,commento
yt_comm_UgwQwNmN4rVUN-zZQwp4AaABAg,2025-05-25T15:44:19.527681+00:00,@haroldramosardila-mz6xu,,YouTube,2025-05-25T15:41:57+00:00,,Montoya Jr. What a lucky üòÇ,üòÇ,https://www.youtube.com/watch?v=ahGzQDnzW0I,0,0,0,0,0,commento
yt_comm_Ugx6oAFKoxhWtfsQ6VF4AaABAg,2025-05-25T15:44:19.527681+00:00,@nelsonclub7722,,YouTube,2025-05-25T15:41:42+00:00,,"This is what I heard. ""To the right of screen Big Tomaty's""",nan,https://www.youtube.com/watch?v=ahGzQDnzW0I,0,0,0,0,0,commento
yt_comm_UgzY2u_YvPxydc3Q1PZ4AaABAg,2025-05-25T15:44:19.527681+00:00,@BaoNguyen-ib5jx,,YouTube,2025-05-25T15:41:11+00:00,,üá∫üá∏ üá∫üá≤ üá∫üá∏ üá∫üá≤ üá∫üá∏ üá∫üá≤ ü¶Öü¶Öü¶Öü¶Öü¶Ö,"ü¶Ö,üá∫üá≤,üá∫üá∏",https://www.youtube.com/watch?v=ahGzQDnzW0I,0,0,0,0,0,commento
yt_comm_Ugw3xuMKQSlSlbaVe-Z4AaABAg,2025-05-25T15:44:19.527681+00:00,@enricotraica3857,,YouTube,2025-05-25T15:41:07+00:00,,Thumbnail: to be continued,nan,https://www.youtube.com/watch?v=ahGzQDnzW0I,0,0,0,0,0,commento
yt_comm_UgzCr_dwPim2ie0NJUZ4AaABAg,2025-05-25T15:44:19.527681+00:00,@THRAWN093,,YouTube,2025-05-25T15:41:42+00:00,,üèÅüö©üèÅStroll WDC before Ferrari Constructors ChampionüèÅüö©üèÅ,"üèÅ,üö©",https://www.youtube.com/watch?v=HEqMg7IAzM0,0,0,0,0,0,commento
yt_comm_UgwcwOELyRzfz_gqazF4AaABAg,2025-05-25T15:44:19.527681+00:00,@Foxtrot6624,,YouTube,2025-05-25T15:42:48+00:00,,"About as definitive proof as you can get who‚Äôs for the better car vs better driver debate. McLaren‚Äôs a rocket ship, Leclerc has a better entry and exit to practically every corner and the McLaren still just shoots away down the straights",nan,https://www.youtube.com/watch?v=dUcbbUKWpxA,0,0,0,0,0,commento
yt_comm_Ugx7pIhKDZ82sOQg4LF4AaABAg,2025-05-25T15:44:19.527681+00:00,@ThomasHarrisonLord,,YouTube,2025-05-25T15:42:19+00:00,,Please bring back Piers Prior as the co-commentator,nan,https://www.youtube.com/watch?v=DX0ZS0SBUiI,0,0,0,0,0,commento
yt_comm_UgzYgW0iuM8DmBl7j1J4AaABAg,2025-05-25T15:47:54.260005+00:00,@angelatanurdzic7508,,YouTube,2025-05-25T15:47:39+00:00,,Unbelievable üòä,üòä,https://www.youtube.com/watch?v=LltDvEbLwTY,0,0,0,0,0,commento
yt_comm_UgxH6ZHYegDhhuiMV0h4AaABAg,2025-05-25T15:47:54.260005+00:00,@michael_0073,,YouTube,2025-05-25T15:46:20+00:00,,"Average Traffic Jam in MONACO if that happens , that's what Dunne doing",nan,https://www.youtube.com/watch?v=LltDvEbLwTY,0,0,0,0,0,commento
yt_comm_UgxF1bi-kziLnuPyGYN4AaABAg,2025-05-25T15:47:54.260005+00:00,@AR44ZX,,YouTube,2025-05-25T15:45:55+00:00,,Most peaceful online racing game lobby:,nan,https://www.youtube.com/watch?v=LltDvEbLwTY,1,0,0,0,0,commento
yt_comm_UgyfcgXbpMRwbP_vtLl4AaABAg,2025-05-25T15:47:54.260005+00:00,@kaceydillin7367,,YouTube,2025-05-25T15:45:35+00:00,,Loses a couple of spots as 6 cars go past?,nan,https://www.youtube.com/watch?v=LltDvEbLwTY,1,0,0,0,0,commento
yt_comm_Ugwto2p9QJqjwvgeb854AaABAg,2025-05-25T15:47:54.260005+00:00,@4lex_blublere,,YouTube,2025-05-25T15:45:09+00:00,,F1 open lobbies at its finest!!!üî•üî•,üî•,https://www.youtube.com/watch?v=LltDvEbLwTY,0,0,0,0,0,commento
yt_comm_UgyjtVFQGkGiYbnu4oJ4AaABAg,2025-05-25T15:47:54.260005+00:00,@xxxxxx-up8wm,,YouTube,2025-05-25T15:44:48+00:00,,Alwx Dunne piloto agresivo sin cerebro üß†,üß†,https://www.youtube.com/watch?v=LltDvEbLwTY,0,0,0,0,0,commento
yt_comm_UgyLUBXrLVnpLEk8k9V4AaABAg,2025-05-25T15:47:54.260005+00:00,@chand4666,,YouTube,2025-05-25T15:44:34+00:00,,"""and thats millions and milions of damages""",nan,https://www.youtube.com/watch?v=LltDvEbLwTY,0,0,0,0,0,commento
yt_comm_UgxqV3BT0G7XQf3foFh4AaABAg,2025-05-25T15:47:54.260005+00:00,@haroldramosardila-mz6xu,,YouTube,2025-05-25T15:44:57+00:00,,Montoya Jr. What a lucky üòÇüá®üá¥,"üá®üá¥,üòÇ",https://www.youtube.com/watch?v=ahGzQDnzW0I,0,0,0,0,0,commento
yt_comm_UgwoN7Mv8kwymvi6JTl4AaABAg,2025-05-25T15:47:54.260005+00:00,@D_LEGEND,,YouTube,2025-05-25T15:46:53+00:00,,"Leclerc seems like a better driver from this, with how he approaches turns, and how he is a bit more stable in his path....but McLaren just has a superior f1",nan,https://www.youtube.com/watch?v=dUcbbUKWpxA,0,0,0,0,0,commento
yt_comm_UgzwQ_CxXAJi8gAaSAZ4AaABAg,2025-05-25T15:47:54.260005+00:00,@ahmettek315,,YouTube,2025-05-25T15:41:28+00:00,,Welcome to the snore festival of Monaco. It is weird that they keep this track in calendar. Race ends after qualification.,nan,https://www.youtube.com/watch?v=vfL91o3QDbw,1,0,0,0,0,commento
yt_comm_UgzKmIDDg74Pe7Ro9894AaABAg,2025-05-25T15:51:23.755993+00:00,@florianlambiks1892,,YouTube,2025-05-25T15:48:27+00:00,,xD,nan,https://www.youtube.com/watch?v=LltDvEbLwTY,0,0,0,0,0,commento
yt_comm_Ugwe4mho1EEcd79qEZJ4AaABAg,2025-05-25T15:51:23.755993+00:00,@HowardBuckley-ik1yy,,YouTube,2025-05-25T15:48:42+00:00,,"VERY WELL DRIVEN, LANDO. EVEN ON AN F1 GAME,I DONT THINK IVE EVER SEEN SUCH A QUICK(AND SUPER LY DRIVEN)LAP OF THE MONACO CURCUIT!!That was seriously amazing!!!",nan,https://www.youtube.com/watch?v=_5Lr6fDIZG8,0,0,0,0,0,commento
yt_comm_UgxMno-KzXSHEIFjGGd4AaABAg,2025-05-25T15:51:23.755993+00:00,@enriquediaz1839,,YouTube,2025-05-25T15:49:54+00:00,,Todo sabemos que pasar√≠a si estuviera üá≤üáΩ,üá≤üáΩ,https://www.youtube.com/watch?v=HEqMg7IAzM0,0,0,0,0,0,commento
yt_comm_Ugzxkb0cqkBhwZowkLp4AaABAg,2025-05-25T15:51:23.755993+00:00,@nedcjp,,YouTube,2025-05-25T15:48:11+00:00,,"Circuit ridicule et minable pour les p√®tes-cul de Monaco. Ce circuit poss√®de des putes lane. Vu √† la t√©l√©vision lors des qualifications, des p√©tasses, sortes de putes ridicules entrain de poser avec une fl√ªte de champagne (boisson merdique) √† la main. Il ne manquait plus que les Kardashian. La connerie n'a pas de limites.",nan,https://www.youtube.com/watch?v=HEqMg7IAzM0,0,0,0,0,0,commento
yt_comm_Ugx4oncijwkfc0eXHM94AaABAg,2025-05-25T15:54:47.393310+00:00,@raioquieldelavin99,,YouTube,2025-05-25T15:51:56+00:00,,0:12 Absolute Mayhem I feel bad for Alex Dunne üá®üáÆ ü•≤,"üá®üáÆ,ü•≤",https://www.youtube.com/watch?v=ahGzQDnzW0I,0,0,0,0,0,commento
yt_comm_Ugx5ND6pTHylzjuP7l54AaABAg,2025-05-25T15:54:47.393310+00:00,@kharnthebetrayer1575,,YouTube,2025-05-25T15:50:12+00:00,,Son of Juan Pablo Montoya ?,nan,https://www.youtube.com/watch?v=ahGzQDnzW0I,0,0,0,0,0,commento
yt_comm_UgxlQFjJz0lAhLz_rWd4AaABAg,2025-05-25T15:54:47.393310+00:00,@qaza1988,,YouTube,2025-05-25T15:49:59+00:00,,F2 drivers are bad drivers.,nan,https://www.youtube.com/watch?v=ahGzQDnzW0I,0,0,0,0,0,commento
yt_comm_UgzUQPFROUwD31Qc4Fh4AaABAg,2025-05-25T15:54:47.393310+00:00,@nedcjp,,YouTube,2025-05-25T15:49:12+00:00,,"Circuit ridicule et minable pour les p√®tes-cul de Monaco. Ce circuit poss√®de des putes lane. Vu √† la t√©l√©vision lors des qualifications, des p√©tasses, sortes de putes ridicules entrain de poser avec une fl√ªte de champagne (boisson merdique) √† la main. Il ne manquait plus que les Kardashian. La connerie n'a pas de limites.",nan,https://www.youtube.com/watch?v=ahGzQDnzW0I,0,0,0,0,0,commento
yt_comm_UgxLUfJCq_2997I8CLd4AaABAg,2025-05-25T15:54:47.393310+00:00,@MarteloPRL,,YouTube,2025-05-25T15:48:10+00:00,,Absolutely no way Dunne makes to F1 with that kind of decision making. He is so fast but so reckless. A shame really.,nan,https://www.youtube.com/watch?v=ahGzQDnzW0I,0,0,0,0,0,commento
yt_comm_UgxoW7ZzFlEzBKPo3K14AaABAg,2025-05-25T15:54:47.393310+00:00,@nippelpierre9821,,YouTube,2025-05-25T15:53:19+00:00,,"Il semble sur ces images que la Mc Laren dispose d'une motricit√© l√©g√®rement meilleure que la Ferrari. Sinon, on voit bien tout le talent de Charles Leclerc quand il court dans son jardin et celui de Lando quand il a la bonne voiture...üòä",üòä,https://www.youtube.com/watch?v=dUcbbUKWpxA,0,0,0,0,0,commento
yt_comm_UgwjVEK4X5WcfkLl98N4AaABAg,2025-05-25T15:54:47.393310+00:00,@olivdb23,,YouTube,2025-05-25T15:51:36+00:00,,is F2 destruction derby?,nan,https://www.youtube.com/watch?v=6HieVkEOiCA,0,0,0,0,0,commento
yt_comm_UgyTfIjSR1_mpQ_BVQF4AaABAg,2025-05-25T15:58:11.466151+00:00,@Bers3rk_tv,,YouTube,2025-05-25T15:55:47+00:00,,"That crane could not have been in a better position, also who let Stroll drive in a F2 race?",,https://www.youtube.com/watch?v=ahGzQDnzW0I,0,0,0,0,0,commento
yt_comm_Ugx4XtT3_k-X0mIX-gJ4AaABAg,2025-05-25T15:58:11.466151+00:00,@StephanieDunn-h6m,,YouTube,2025-05-25T15:55:39+00:00,,Dunne shows why he is the greatest reckless driver of all time.,,https://www.youtube.com/watch?v=ahGzQDnzW0I,0,0,0,0,0,commento
yt_comm_Ugy7WBckrpsiDEObbUB4AaABAg,2025-05-25T15:58:11.466151+00:00,@BLEON94,,YouTube,2025-05-25T15:55:18+00:00,,There is literally no Jak Crawford supporters here.I mean I see no comments of Jak Crawford winning it they are just talking about Dunne Martins Montoya,,https://www.youtube.com/watch?v=ahGzQDnzW0I,0,0,0,0,0,commento
yt_comm_Ugzb2ad2jiEd64YgBR14AaABAg,2025-05-25T15:58:11.466151+00:00,@‡∏ö‡∏±‡∏ß‡∏•‡∏≠‡∏á-‡∏ù4‡∏Ö,,YouTube,2025-05-25T15:55:05+00:00,,Wow,,https://www.youtube.com/watch?v=ahGzQDnzW0I,0,0,0,0,0,commento
